-- --------------------------------------------------------
-- Host:                         127.0.0.1
-- Server version:               10.1.16-MariaDB - mariadb.org binary distribution
-- Server OS:                    Win32
-- HeidiSQL Version:             9.3.0.4984
-- --------------------------------------------------------

/*!40101 SET @OLD_CHARACTER_SET_CLIENT=@@CHARACTER_SET_CLIENT */;
/*!40101 SET NAMES utf8mb4 */;
/*!40014 SET @OLD_FOREIGN_KEY_CHECKS=@@FOREIGN_KEY_CHECKS, FOREIGN_KEY_CHECKS=0 */;
/*!40101 SET @OLD_SQL_MODE=@@SQL_MODE, SQL_MODE='NO_AUTO_VALUE_ON_ZERO' */;

-- Dumping database structure for procurement
CREATE DATABASE IF NOT EXISTS `procurement` /*!40100 DEFAULT CHARACTER SET latin1 */;
USE `procurement`;


-- Dumping structure for table procurement.account_status
CREATE TABLE IF NOT EXISTS `account_status` (
  `id` int(11) unsigned NOT NULL AUTO_INCREMENT,
  `description` varchar(200) NOT NULL,
  PRIMARY KEY (`id`)
) ENGINE=InnoDB AUTO_INCREMENT=6 DEFAULT CHARSET=utf8;

-- Dumping data for table procurement.account_status: ~5 rows (approximately)
DELETE FROM `account_status`;
/*!40000 ALTER TABLE `account_status` DISABLE KEYS */;
INSERT INTO `account_status` (`id`, `description`) VALUES
	(1, 'Active'),
	(2, 'Inactive'),
	(3, 'Suspended'),
	(4, 'Deactivated'),
	(5, 'Blocked');
/*!40000 ALTER TABLE `account_status` ENABLE KEYS */;


-- Dumping structure for table procurement.assets_debt_info
CREATE TABLE IF NOT EXISTS `assets_debt_info` (
  `id` int(11) NOT NULL AUTO_INCREMENT,
  `member_id` int(11) unsigned DEFAULT NULL,
  `loan_id` int(11) unsigned DEFAULT NULL,
  `type_id` int(11) unsigned DEFAULT NULL,
  `description` varchar(100) DEFAULT NULL,
  `amount` varchar(100) DEFAULT NULL,
  PRIMARY KEY (`id`)
) ENGINE=InnoDB DEFAULT CHARSET=utf8;

-- Dumping data for table procurement.assets_debt_info: ~0 rows (approximately)
DELETE FROM `assets_debt_info`;
/*!40000 ALTER TABLE `assets_debt_info` DISABLE KEYS */;
/*!40000 ALTER TABLE `assets_debt_info` ENABLE KEYS */;


-- Dumping structure for table procurement.materialdetails
CREATE TABLE IF NOT EXISTS `materialdetails` (
  `id` int(11) NOT NULL AUTO_INCREMENT,
  `name` varchar(500) DEFAULT NULL,
  `materialdetail` varchar(500) DEFAULT NULL,
  `created_at` datetime DEFAULT NULL,
  `updated_at` datetime DEFAULT NULL,
  PRIMARY KEY (`id`)
) ENGINE=InnoDB AUTO_INCREMENT=3 DEFAULT CHARSET=utf8;

-- Dumping data for table procurement.materialdetails: ~2 rows (approximately)
DELETE FROM `materialdetails`;
/*!40000 ALTER TABLE `materialdetails` DISABLE KEYS */;
INSERT INTO `materialdetails` (`id`, `name`, `materialdetail`, `created_at`, `updated_at`) VALUES
	(1, NULL, '1', '2017-01-18 10:43:49', '2017-01-18 10:43:49'),
	(2, NULL, '2', '2017-01-18 10:43:53', '2017-01-18 10:43:53');
/*!40000 ALTER TABLE `materialdetails` ENABLE KEYS */;


-- Dumping structure for table procurement.materialsreqforms
CREATE TABLE IF NOT EXISTS `materialsreqforms` (
  `id` int(11) NOT NULL AUTO_INCREMENT,
  `name` varchar(500) DEFAULT NULL,
  `materialsreqform` varchar(500) DEFAULT NULL,
  `created_at` datetime DEFAULT NULL,
  `updated_at` datetime DEFAULT NULL,
  PRIMARY KEY (`id`)
) ENGINE=InnoDB AUTO_INCREMENT=52 DEFAULT CHARSET=utf8;

-- Dumping data for table procurement.materialsreqforms: ~3 rows (approximately)
DELETE FROM `materialsreqforms`;
/*!40000 ALTER TABLE `materialsreqforms` DISABLE KEYS */;
INSERT INTO `materialsreqforms` (`id`, `name`, `materialsreqform`, `created_at`, `updated_at`) VALUES
	(49, NULL, '1', '2017-01-18 10:50:58', '2017-01-18 10:50:58'),
	(50, NULL, '2', '2017-01-18 10:51:03', '2017-01-18 10:51:03'),
	(51, NULL, '12', '2017-01-18 10:53:36', '2017-01-18 10:53:36');
/*!40000 ALTER TABLE `materialsreqforms` ENABLE KEYS */;


-- Dumping structure for table procurement.migrations
CREATE TABLE IF NOT EXISTS `migrations` (
  `migration` varchar(255) COLLATE utf8_unicode_ci NOT NULL,
  `batch` int(11) NOT NULL
) ENGINE=InnoDB DEFAULT CHARSET=utf8 COLLATE=utf8_unicode_ci;

-- Dumping data for table procurement.migrations: ~6 rows (approximately)
DELETE FROM `migrations`;
/*!40000 ALTER TABLE `migrations` DISABLE KEYS */;
INSERT INTO `migrations` (`migration`, `batch`) VALUES
	('2014_10_12_000000_create_users_table', 1),
	('2014_10_12_100000_create_password_resets_table', 1),
	('2015_05_06_022458_create_posts_table', 1),
	('2016_10_12_091446_create_user_post_table', 1),
	('2016_10_13_000104_add_user_soft_delete', 1),
	('2016_10_22_004452_create_tags_tables', 1);
/*!40000 ALTER TABLE `migrations` ENABLE KEYS */;


-- Dumping structure for table procurement.password_resets
CREATE TABLE IF NOT EXISTS `password_resets` (
  `email` varchar(255) COLLATE utf8_unicode_ci NOT NULL,
  `token` varchar(255) COLLATE utf8_unicode_ci NOT NULL,
  `created_at` timestamp NOT NULL DEFAULT '0000-00-00 00:00:00',
  KEY `password_resets_email_index` (`email`),
  KEY `password_resets_token_index` (`token`)
) ENGINE=InnoDB DEFAULT CHARSET=utf8 COLLATE=utf8_unicode_ci;

-- Dumping data for table procurement.password_resets: ~0 rows (approximately)
DELETE FROM `password_resets`;
/*!40000 ALTER TABLE `password_resets` DISABLE KEYS */;
/*!40000 ALTER TABLE `password_resets` ENABLE KEYS */;


-- Dumping structure for table procurement.productprocurements
CREATE TABLE IF NOT EXISTS `productprocurements` (
  `id` int(11) NOT NULL AUTO_INCREMENT,
  `name` varchar(500) DEFAULT NULL,
  `name12` varchar(500) DEFAULT NULL,
  `created_at` datetime DEFAULT NULL,
  `updated_at` datetime DEFAULT NULL,
  PRIMARY KEY (`id`)
) ENGINE=InnoDB AUTO_INCREMENT=50 DEFAULT CHARSET=utf8;

-- Dumping data for table procurement.productprocurements: ~1 rows (approximately)
DELETE FROM `productprocurements`;
/*!40000 ALTER TABLE `productprocurements` DISABLE KEYS */;
INSERT INTO `productprocurements` (`id`, `name`, `name12`, `created_at`, `updated_at`) VALUES
	(49, NULL, '1', '2017-01-18 11:22:38', '2017-01-18 11:22:38');
/*!40000 ALTER TABLE `productprocurements` ENABLE KEYS */;


-- Dumping structure for table procurement.products
CREATE TABLE IF NOT EXISTS `products` (
  `id` int(11) NOT NULL AUTO_INCREMENT,
  `name` varchar(500) DEFAULT NULL,
  `name12` varchar(500) DEFAULT NULL,
  `created_at` datetime DEFAULT NULL,
  `updated_at` datetime DEFAULT NULL,
  PRIMARY KEY (`id`)
) ENGINE=InnoDB AUTO_INCREMENT=53 DEFAULT CHARSET=utf8;

-- Dumping data for table procurement.products: ~7 rows (approximately)
DELETE FROM `products`;
/*!40000 ALTER TABLE `products` DISABLE KEYS */;
INSERT INTO `products` (`id`, `name`, `name12`, `created_at`, `updated_at`) VALUES
	(46, NULL, '1234', '2017-01-18 08:10:50', NULL),
	(47, NULL, '3445', '2017-01-18 08:11:26', '2017-01-18 08:11:26'),
	(48, NULL, '12qw', '2017-01-18 08:11:32', '2017-01-18 08:11:32'),
	(49, NULL, '56', '2017-01-18 09:40:47', '2017-01-18 09:40:47'),
	(50, NULL, '12', '2017-01-18 10:32:30', '2017-01-18 10:32:30'),
	(51, NULL, 'as', '2017-01-18 10:39:39', '2017-01-18 10:39:39'),
	(52, NULL, 'sd', '2017-01-18 10:39:44', '2017-01-18 10:39:44');
/*!40000 ALTER TABLE `products` ENABLE KEYS */;


-- Dumping structure for table procurement.statuspros
CREATE TABLE IF NOT EXISTS `statuspros` (
  `id` int(11) NOT NULL AUTO_INCREMENT,
  `name` varchar(500) DEFAULT NULL,
  `name12` varchar(500) DEFAULT NULL,
  `created_at` datetime DEFAULT NULL,
  `updated_at` datetime DEFAULT NULL,
  PRIMARY KEY (`id`)
) ENGINE=InnoDB AUTO_INCREMENT=50 DEFAULT CHARSET=utf8;

-- Dumping data for table procurement.statuspros: ~1 rows (approximately)
DELETE FROM `statuspros`;
/*!40000 ALTER TABLE `statuspros` DISABLE KEYS */;
INSERT INTO `statuspros` (`id`, `name`, `name12`, `created_at`, `updated_at`) VALUES
	(49, NULL, '2', '2017-01-18 11:23:32', '2017-01-18 11:23:32');
/*!40000 ALTER TABLE `statuspros` ENABLE KEYS */;


-- Dumping structure for table procurement.taggables
CREATE TABLE IF NOT EXISTS `taggables` (
  `tag_id` int(10) unsigned NOT NULL,
  `taggable_id` int(10) unsigned NOT NULL,
  `taggable_type` varchar(255) COLLATE utf8_unicode_ci NOT NULL,
  KEY `taggables_taggable_id_taggable_type_index` (`taggable_id`,`taggable_type`)
) ENGINE=InnoDB DEFAULT CHARSET=utf8 COLLATE=utf8_unicode_ci;

-- Dumping data for table procurement.taggables: ~2,502 rows (approximately)
DELETE FROM `taggables`;
/*!40000 ALTER TABLE `taggables` DISABLE KEYS */;
INSERT INTO `taggables` (`tag_id`, `taggable_id`, `taggable_type`) VALUES
	(1, 1, 'App\\Post'),
	(4, 1, 'App\\Post'),
	(0, 2, 'App\\Post'),
	(2, 3, 'App\\Post'),
	(3, 3, 'App\\Post'),
	(4, 3, 'App\\Post'),
	(1, 4, 'App\\Post'),
	(4, 4, 'App\\Post'),
	(0, 5, 'App\\Post'),
	(1, 6, 'App\\Post'),
	(2, 6, 'App\\Post'),
	(3, 6, 'App\\Post'),
	(2, 7, 'App\\Post'),
	(3, 7, 'App\\Post'),
	(0, 8, 'App\\Post'),
	(2, 9, 'App\\Post'),
	(3, 9, 'App\\Post'),
	(0, 10, 'App\\Post'),
	(0, 11, 'App\\Post'),
	(1, 12, 'App\\Post'),
	(2, 12, 'App\\Post'),
	(3, 12, 'App\\Post'),
	(1, 13, 'App\\Post'),
	(2, 13, 'App\\Post'),
	(4, 13, 'App\\Post'),
	(1, 14, 'App\\Post'),
	(3, 14, 'App\\Post'),
	(0, 15, 'App\\Post'),
	(1, 16, 'App\\Post'),
	(2, 16, 'App\\Post'),
	(3, 16, 'App\\Post'),
	(4, 16, 'App\\Post'),
	(0, 17, 'App\\Post'),
	(1, 18, 'App\\Post'),
	(2, 18, 'App\\Post'),
	(4, 18, 'App\\Post'),
	(2, 19, 'App\\Post'),
	(4, 19, 'App\\Post'),
	(1, 20, 'App\\Post'),
	(2, 20, 'App\\Post'),
	(3, 20, 'App\\Post'),
	(4, 20, 'App\\Post'),
	(0, 21, 'App\\Post'),
	(1, 22, 'App\\Post'),
	(2, 22, 'App\\Post'),
	(3, 22, 'App\\Post'),
	(4, 22, 'App\\Post'),
	(1, 23, 'App\\Post'),
	(2, 23, 'App\\Post'),
	(4, 23, 'App\\Post'),
	(1, 24, 'App\\Post'),
	(4, 24, 'App\\Post'),
	(0, 25, 'App\\Post'),
	(1, 26, 'App\\Post'),
	(2, 26, 'App\\Post'),
	(3, 26, 'App\\Post'),
	(4, 26, 'App\\Post'),
	(1, 27, 'App\\Post'),
	(2, 27, 'App\\Post'),
	(3, 27, 'App\\Post'),
	(4, 27, 'App\\Post'),
	(1, 28, 'App\\Post'),
	(2, 28, 'App\\Post'),
	(3, 28, 'App\\Post'),
	(0, 29, 'App\\Post'),
	(1, 30, 'App\\Post'),
	(2, 30, 'App\\Post'),
	(3, 30, 'App\\Post'),
	(4, 30, 'App\\Post'),
	(0, 31, 'App\\Post'),
	(0, 32, 'App\\Post'),
	(2, 33, 'App\\Post'),
	(3, 33, 'App\\Post'),
	(1, 34, 'App\\Post'),
	(2, 34, 'App\\Post'),
	(3, 34, 'App\\Post'),
	(4, 34, 'App\\Post'),
	(1, 35, 'App\\Post'),
	(3, 35, 'App\\Post'),
	(1, 36, 'App\\Post'),
	(2, 36, 'App\\Post'),
	(3, 36, 'App\\Post'),
	(4, 36, 'App\\Post'),
	(2, 37, 'App\\Post'),
	(3, 37, 'App\\Post'),
	(4, 37, 'App\\Post'),
	(1, 38, 'App\\Post'),
	(2, 38, 'App\\Post'),
	(3, 38, 'App\\Post'),
	(4, 38, 'App\\Post'),
	(0, 39, 'App\\Post'),
	(0, 40, 'App\\Post'),
	(1, 41, 'App\\Post'),
	(3, 41, 'App\\Post'),
	(4, 41, 'App\\Post'),
	(1, 42, 'App\\Post'),
	(3, 42, 'App\\Post'),
	(4, 42, 'App\\Post'),
	(0, 43, 'App\\Post'),
	(1, 44, 'App\\Post'),
	(3, 44, 'App\\Post'),
	(1, 45, 'App\\Post'),
	(2, 45, 'App\\Post'),
	(3, 45, 'App\\Post'),
	(4, 45, 'App\\Post'),
	(2, 46, 'App\\Post'),
	(3, 46, 'App\\Post'),
	(1, 47, 'App\\Post'),
	(3, 47, 'App\\Post'),
	(1, 48, 'App\\Post'),
	(3, 48, 'App\\Post'),
	(4, 48, 'App\\Post'),
	(1, 49, 'App\\Post'),
	(2, 49, 'App\\Post'),
	(3, 49, 'App\\Post'),
	(2, 50, 'App\\Post'),
	(3, 50, 'App\\Post'),
	(2, 51, 'App\\Post'),
	(3, 51, 'App\\Post'),
	(0, 52, 'App\\Post'),
	(1, 53, 'App\\Post'),
	(3, 53, 'App\\Post'),
	(4, 53, 'App\\Post'),
	(1, 54, 'App\\Post'),
	(2, 54, 'App\\Post'),
	(3, 54, 'App\\Post'),
	(4, 54, 'App\\Post'),
	(1, 55, 'App\\Post'),
	(2, 55, 'App\\Post'),
	(3, 55, 'App\\Post'),
	(4, 55, 'App\\Post'),
	(0, 56, 'App\\Post'),
	(0, 57, 'App\\Post'),
	(1, 58, 'App\\Post'),
	(3, 58, 'App\\Post'),
	(4, 58, 'App\\Post'),
	(3, 59, 'App\\Post'),
	(4, 59, 'App\\Post'),
	(1, 60, 'App\\Post'),
	(2, 60, 'App\\Post'),
	(3, 60, 'App\\Post'),
	(1, 61, 'App\\Post'),
	(2, 61, 'App\\Post'),
	(3, 61, 'App\\Post'),
	(4, 61, 'App\\Post'),
	(1, 62, 'App\\Post'),
	(2, 62, 'App\\Post'),
	(3, 62, 'App\\Post'),
	(4, 62, 'App\\Post'),
	(0, 63, 'App\\Post'),
	(1, 64, 'App\\Post'),
	(2, 64, 'App\\Post'),
	(0, 65, 'App\\Post'),
	(2, 66, 'App\\Post'),
	(4, 66, 'App\\Post'),
	(1, 67, 'App\\Post'),
	(2, 67, 'App\\Post'),
	(3, 67, 'App\\Post'),
	(4, 67, 'App\\Post'),
	(1, 68, 'App\\Post'),
	(3, 68, 'App\\Post'),
	(4, 68, 'App\\Post'),
	(1, 69, 'App\\Post'),
	(2, 69, 'App\\Post'),
	(3, 69, 'App\\Post'),
	(4, 69, 'App\\Post'),
	(1, 70, 'App\\Post'),
	(2, 70, 'App\\Post'),
	(4, 70, 'App\\Post'),
	(1, 71, 'App\\Post'),
	(3, 71, 'App\\Post'),
	(1, 72, 'App\\Post'),
	(3, 72, 'App\\Post'),
	(4, 72, 'App\\Post'),
	(3, 73, 'App\\Post'),
	(4, 73, 'App\\Post'),
	(1, 74, 'App\\Post'),
	(2, 74, 'App\\Post'),
	(4, 74, 'App\\Post'),
	(1, 75, 'App\\Post'),
	(2, 75, 'App\\Post'),
	(3, 75, 'App\\Post'),
	(0, 76, 'App\\Post'),
	(3, 77, 'App\\Post'),
	(4, 77, 'App\\Post'),
	(0, 78, 'App\\Post'),
	(1, 79, 'App\\Post'),
	(2, 79, 'App\\Post'),
	(3, 79, 'App\\Post'),
	(4, 79, 'App\\Post'),
	(1, 80, 'App\\Post'),
	(3, 80, 'App\\Post'),
	(4, 80, 'App\\Post'),
	(2, 81, 'App\\Post'),
	(3, 81, 'App\\Post'),
	(1, 82, 'App\\Post'),
	(2, 82, 'App\\Post'),
	(3, 82, 'App\\Post'),
	(4, 82, 'App\\Post'),
	(1, 83, 'App\\Post'),
	(3, 83, 'App\\Post'),
	(0, 84, 'App\\Post'),
	(1, 85, 'App\\Post'),
	(2, 85, 'App\\Post'),
	(3, 85, 'App\\Post'),
	(1, 86, 'App\\Post'),
	(2, 86, 'App\\Post'),
	(3, 86, 'App\\Post'),
	(4, 86, 'App\\Post'),
	(1, 87, 'App\\Post'),
	(2, 87, 'App\\Post'),
	(3, 87, 'App\\Post'),
	(4, 87, 'App\\Post'),
	(2, 88, 'App\\Post'),
	(3, 88, 'App\\Post'),
	(4, 88, 'App\\Post'),
	(1, 89, 'App\\Post'),
	(2, 89, 'App\\Post'),
	(3, 89, 'App\\Post'),
	(4, 89, 'App\\Post'),
	(1, 90, 'App\\Post'),
	(3, 90, 'App\\Post'),
	(1, 91, 'App\\Post'),
	(2, 91, 'App\\Post'),
	(3, 91, 'App\\Post'),
	(4, 91, 'App\\Post'),
	(0, 92, 'App\\Post'),
	(0, 93, 'App\\Post'),
	(1, 94, 'App\\Post'),
	(2, 94, 'App\\Post'),
	(3, 94, 'App\\Post'),
	(4, 94, 'App\\Post'),
	(3, 95, 'App\\Post'),
	(4, 95, 'App\\Post'),
	(0, 96, 'App\\Post'),
	(1, 97, 'App\\Post'),
	(2, 97, 'App\\Post'),
	(2, 98, 'App\\Post'),
	(4, 98, 'App\\Post'),
	(0, 99, 'App\\Post'),
	(1, 100, 'App\\Post'),
	(3, 100, 'App\\Post'),
	(4, 100, 'App\\Post'),
	(0, 101, 'App\\Post'),
	(2, 102, 'App\\Post'),
	(3, 102, 'App\\Post'),
	(4, 102, 'App\\Post'),
	(1, 103, 'App\\Post'),
	(2, 103, 'App\\Post'),
	(3, 103, 'App\\Post'),
	(4, 103, 'App\\Post'),
	(2, 104, 'App\\Post'),
	(3, 104, 'App\\Post'),
	(2, 105, 'App\\Post'),
	(3, 105, 'App\\Post'),
	(2, 106, 'App\\Post'),
	(3, 106, 'App\\Post'),
	(4, 106, 'App\\Post'),
	(1, 107, 'App\\Post'),
	(3, 107, 'App\\Post'),
	(4, 107, 'App\\Post'),
	(0, 108, 'App\\Post'),
	(1, 109, 'App\\Post'),
	(2, 109, 'App\\Post'),
	(3, 109, 'App\\Post'),
	(4, 109, 'App\\Post'),
	(1, 110, 'App\\Post'),
	(2, 110, 'App\\Post'),
	(3, 110, 'App\\Post'),
	(1, 111, 'App\\Post'),
	(4, 111, 'App\\Post'),
	(3, 112, 'App\\Post'),
	(4, 112, 'App\\Post'),
	(1, 113, 'App\\Post'),
	(2, 113, 'App\\Post'),
	(4, 113, 'App\\Post'),
	(1, 114, 'App\\Post'),
	(2, 114, 'App\\Post'),
	(3, 114, 'App\\Post'),
	(4, 114, 'App\\Post'),
	(1, 115, 'App\\Post'),
	(2, 115, 'App\\Post'),
	(3, 115, 'App\\Post'),
	(4, 115, 'App\\Post'),
	(1, 116, 'App\\Post'),
	(2, 116, 'App\\Post'),
	(3, 116, 'App\\Post'),
	(4, 116, 'App\\Post'),
	(2, 117, 'App\\Post'),
	(3, 117, 'App\\Post'),
	(1, 118, 'App\\Post'),
	(2, 118, 'App\\Post'),
	(3, 118, 'App\\Post'),
	(4, 118, 'App\\Post'),
	(1, 119, 'App\\Post'),
	(2, 119, 'App\\Post'),
	(3, 119, 'App\\Post'),
	(0, 120, 'App\\Post'),
	(2, 121, 'App\\Post'),
	(4, 121, 'App\\Post'),
	(2, 122, 'App\\Post'),
	(3, 122, 'App\\Post'),
	(4, 122, 'App\\Post'),
	(0, 123, 'App\\Post'),
	(0, 124, 'App\\Post'),
	(0, 125, 'App\\Post'),
	(0, 126, 'App\\Post'),
	(1, 127, 'App\\Post'),
	(2, 127, 'App\\Post'),
	(4, 127, 'App\\Post'),
	(1, 128, 'App\\Post'),
	(2, 128, 'App\\Post'),
	(3, 128, 'App\\Post'),
	(4, 128, 'App\\Post'),
	(0, 129, 'App\\Post'),
	(1, 130, 'App\\Post'),
	(2, 130, 'App\\Post'),
	(3, 130, 'App\\Post'),
	(4, 130, 'App\\Post'),
	(1, 131, 'App\\Post'),
	(2, 131, 'App\\Post'),
	(4, 131, 'App\\Post'),
	(1, 132, 'App\\Post'),
	(4, 132, 'App\\Post'),
	(1, 133, 'App\\Post'),
	(2, 133, 'App\\Post'),
	(4, 133, 'App\\Post'),
	(1, 134, 'App\\Post'),
	(2, 134, 'App\\Post'),
	(3, 134, 'App\\Post'),
	(4, 134, 'App\\Post'),
	(1, 135, 'App\\Post'),
	(2, 135, 'App\\Post'),
	(4, 135, 'App\\Post'),
	(2, 136, 'App\\Post'),
	(3, 136, 'App\\Post'),
	(0, 137, 'App\\Post'),
	(0, 138, 'App\\Post'),
	(0, 139, 'App\\Post'),
	(1, 140, 'App\\Post'),
	(2, 140, 'App\\Post'),
	(3, 140, 'App\\Post'),
	(4, 140, 'App\\Post'),
	(0, 141, 'App\\Post'),
	(1, 142, 'App\\Post'),
	(2, 142, 'App\\Post'),
	(3, 142, 'App\\Post'),
	(4, 142, 'App\\Post'),
	(2, 143, 'App\\Post'),
	(3, 143, 'App\\Post'),
	(4, 143, 'App\\Post'),
	(1, 144, 'App\\Post'),
	(3, 144, 'App\\Post'),
	(0, 145, 'App\\Post'),
	(1, 146, 'App\\Post'),
	(2, 146, 'App\\Post'),
	(3, 146, 'App\\Post'),
	(4, 146, 'App\\Post'),
	(1, 147, 'App\\Post'),
	(2, 147, 'App\\Post'),
	(3, 147, 'App\\Post'),
	(4, 147, 'App\\Post'),
	(1, 148, 'App\\Post'),
	(2, 148, 'App\\Post'),
	(3, 148, 'App\\Post'),
	(4, 148, 'App\\Post'),
	(2, 149, 'App\\Post'),
	(3, 149, 'App\\Post'),
	(4, 149, 'App\\Post'),
	(1, 150, 'App\\Post'),
	(2, 150, 'App\\Post'),
	(4, 150, 'App\\Post'),
	(1, 151, 'App\\Post'),
	(2, 151, 'App\\Post'),
	(3, 151, 'App\\Post'),
	(4, 151, 'App\\Post'),
	(1, 152, 'App\\Post'),
	(2, 152, 'App\\Post'),
	(1, 153, 'App\\Post'),
	(2, 153, 'App\\Post'),
	(3, 153, 'App\\Post'),
	(1, 154, 'App\\Post'),
	(2, 154, 'App\\Post'),
	(3, 154, 'App\\Post'),
	(4, 154, 'App\\Post'),
	(0, 155, 'App\\Post'),
	(1, 156, 'App\\Post'),
	(2, 156, 'App\\Post'),
	(3, 156, 'App\\Post'),
	(4, 156, 'App\\Post'),
	(1, 157, 'App\\Post'),
	(2, 157, 'App\\Post'),
	(3, 157, 'App\\Post'),
	(4, 157, 'App\\Post'),
	(2, 158, 'App\\Post'),
	(4, 158, 'App\\Post'),
	(1, 159, 'App\\Post'),
	(2, 159, 'App\\Post'),
	(3, 159, 'App\\Post'),
	(4, 159, 'App\\Post'),
	(3, 160, 'App\\Post'),
	(4, 160, 'App\\Post'),
	(3, 161, 'App\\Post'),
	(4, 161, 'App\\Post'),
	(1, 162, 'App\\Post'),
	(2, 162, 'App\\Post'),
	(3, 162, 'App\\Post'),
	(4, 162, 'App\\Post'),
	(1, 163, 'App\\Post'),
	(2, 163, 'App\\Post'),
	(3, 163, 'App\\Post'),
	(4, 163, 'App\\Post'),
	(1, 164, 'App\\Post'),
	(2, 164, 'App\\Post'),
	(3, 164, 'App\\Post'),
	(4, 164, 'App\\Post'),
	(1, 165, 'App\\Post'),
	(2, 165, 'App\\Post'),
	(3, 165, 'App\\Post'),
	(4, 165, 'App\\Post'),
	(1, 166, 'App\\Post'),
	(2, 166, 'App\\Post'),
	(3, 166, 'App\\Post'),
	(4, 166, 'App\\Post'),
	(1, 167, 'App\\Post'),
	(2, 167, 'App\\Post'),
	(1, 168, 'App\\Post'),
	(2, 168, 'App\\Post'),
	(1, 169, 'App\\Post'),
	(2, 169, 'App\\Post'),
	(3, 169, 'App\\Post'),
	(1, 170, 'App\\Post'),
	(2, 170, 'App\\Post'),
	(3, 170, 'App\\Post'),
	(4, 170, 'App\\Post'),
	(1, 171, 'App\\Post'),
	(2, 171, 'App\\Post'),
	(3, 171, 'App\\Post'),
	(4, 171, 'App\\Post'),
	(2, 172, 'App\\Post'),
	(3, 172, 'App\\Post'),
	(4, 172, 'App\\Post'),
	(1, 173, 'App\\Post'),
	(2, 173, 'App\\Post'),
	(3, 173, 'App\\Post'),
	(1, 174, 'App\\Post'),
	(4, 174, 'App\\Post'),
	(2, 175, 'App\\Post'),
	(4, 175, 'App\\Post'),
	(1, 176, 'App\\Post'),
	(4, 176, 'App\\Post'),
	(1, 177, 'App\\Post'),
	(4, 177, 'App\\Post'),
	(1, 178, 'App\\Post'),
	(2, 178, 'App\\Post'),
	(4, 178, 'App\\Post'),
	(2, 179, 'App\\Post'),
	(3, 179, 'App\\Post'),
	(1, 180, 'App\\Post'),
	(2, 180, 'App\\Post'),
	(3, 180, 'App\\Post'),
	(4, 180, 'App\\Post'),
	(1, 181, 'App\\Post'),
	(4, 181, 'App\\Post'),
	(0, 182, 'App\\Post'),
	(1, 183, 'App\\Post'),
	(2, 183, 'App\\Post'),
	(3, 183, 'App\\Post'),
	(1, 184, 'App\\Post'),
	(3, 184, 'App\\Post'),
	(1, 185, 'App\\Post'),
	(2, 185, 'App\\Post'),
	(3, 185, 'App\\Post'),
	(4, 185, 'App\\Post'),
	(1, 186, 'App\\Post'),
	(3, 186, 'App\\Post'),
	(4, 186, 'App\\Post'),
	(0, 187, 'App\\Post'),
	(1, 188, 'App\\Post'),
	(4, 188, 'App\\Post'),
	(1, 189, 'App\\Post'),
	(2, 189, 'App\\Post'),
	(3, 189, 'App\\Post'),
	(4, 189, 'App\\Post'),
	(2, 190, 'App\\Post'),
	(3, 190, 'App\\Post'),
	(3, 191, 'App\\Post'),
	(4, 191, 'App\\Post'),
	(0, 192, 'App\\Post'),
	(3, 193, 'App\\Post'),
	(4, 193, 'App\\Post'),
	(0, 194, 'App\\Post'),
	(0, 195, 'App\\Post'),
	(0, 196, 'App\\Post'),
	(2, 197, 'App\\Post'),
	(3, 197, 'App\\Post'),
	(4, 197, 'App\\Post'),
	(1, 198, 'App\\Post'),
	(2, 198, 'App\\Post'),
	(3, 198, 'App\\Post'),
	(4, 198, 'App\\Post'),
	(1, 199, 'App\\Post'),
	(2, 199, 'App\\Post'),
	(3, 199, 'App\\Post'),
	(4, 199, 'App\\Post'),
	(0, 200, 'App\\Post'),
	(0, 201, 'App\\Post'),
	(1, 202, 'App\\Post'),
	(2, 202, 'App\\Post'),
	(3, 202, 'App\\Post'),
	(4, 202, 'App\\Post'),
	(0, 203, 'App\\Post'),
	(2, 204, 'App\\Post'),
	(3, 204, 'App\\Post'),
	(4, 204, 'App\\Post'),
	(2, 205, 'App\\Post'),
	(3, 205, 'App\\Post'),
	(4, 205, 'App\\Post'),
	(2, 206, 'App\\Post'),
	(3, 206, 'App\\Post'),
	(1, 207, 'App\\Post'),
	(4, 207, 'App\\Post'),
	(0, 208, 'App\\Post'),
	(0, 209, 'App\\Post'),
	(2, 210, 'App\\Post'),
	(3, 210, 'App\\Post'),
	(4, 210, 'App\\Post'),
	(1, 211, 'App\\Post'),
	(2, 211, 'App\\Post'),
	(3, 211, 'App\\Post'),
	(4, 211, 'App\\Post'),
	(0, 212, 'App\\Post'),
	(1, 213, 'App\\Post'),
	(3, 213, 'App\\Post'),
	(4, 213, 'App\\Post'),
	(3, 214, 'App\\Post'),
	(4, 214, 'App\\Post'),
	(1, 215, 'App\\Post'),
	(2, 215, 'App\\Post'),
	(3, 216, 'App\\Post'),
	(4, 216, 'App\\Post'),
	(1, 217, 'App\\Post'),
	(2, 217, 'App\\Post'),
	(3, 217, 'App\\Post'),
	(2, 218, 'App\\Post'),
	(3, 218, 'App\\Post'),
	(4, 218, 'App\\Post'),
	(1, 219, 'App\\Post'),
	(2, 219, 'App\\Post'),
	(3, 219, 'App\\Post'),
	(4, 219, 'App\\Post'),
	(0, 220, 'App\\Post'),
	(1, 221, 'App\\Post'),
	(2, 221, 'App\\Post'),
	(4, 221, 'App\\Post'),
	(1, 222, 'App\\Post'),
	(2, 222, 'App\\Post'),
	(3, 222, 'App\\Post'),
	(4, 222, 'App\\Post'),
	(0, 223, 'App\\Post'),
	(0, 224, 'App\\Post'),
	(0, 225, 'App\\Post'),
	(1, 226, 'App\\Post'),
	(2, 226, 'App\\Post'),
	(3, 226, 'App\\Post'),
	(4, 226, 'App\\Post'),
	(2, 227, 'App\\Post'),
	(3, 227, 'App\\Post'),
	(4, 227, 'App\\Post'),
	(0, 228, 'App\\Post'),
	(1, 229, 'App\\Post'),
	(2, 229, 'App\\Post'),
	(4, 229, 'App\\Post'),
	(1, 230, 'App\\Post'),
	(2, 230, 'App\\Post'),
	(3, 230, 'App\\Post'),
	(4, 230, 'App\\Post'),
	(1, 231, 'App\\Post'),
	(2, 231, 'App\\Post'),
	(1, 232, 'App\\Post'),
	(2, 232, 'App\\Post'),
	(3, 232, 'App\\Post'),
	(4, 232, 'App\\Post'),
	(1, 233, 'App\\Post'),
	(4, 233, 'App\\Post'),
	(1, 234, 'App\\Post'),
	(2, 234, 'App\\Post'),
	(3, 234, 'App\\Post'),
	(4, 234, 'App\\Post'),
	(1, 235, 'App\\Post'),
	(2, 235, 'App\\Post'),
	(3, 235, 'App\\Post'),
	(4, 235, 'App\\Post'),
	(0, 236, 'App\\Post'),
	(1, 237, 'App\\Post'),
	(2, 237, 'App\\Post'),
	(3, 237, 'App\\Post'),
	(4, 237, 'App\\Post'),
	(1, 238, 'App\\Post'),
	(2, 238, 'App\\Post'),
	(3, 238, 'App\\Post'),
	(4, 238, 'App\\Post'),
	(1, 239, 'App\\Post'),
	(2, 239, 'App\\Post'),
	(3, 239, 'App\\Post'),
	(4, 239, 'App\\Post'),
	(2, 240, 'App\\Post'),
	(3, 240, 'App\\Post'),
	(0, 241, 'App\\Post'),
	(1, 242, 'App\\Post'),
	(2, 242, 'App\\Post'),
	(1, 243, 'App\\Post'),
	(2, 243, 'App\\Post'),
	(3, 243, 'App\\Post'),
	(1, 244, 'App\\Post'),
	(2, 244, 'App\\Post'),
	(3, 244, 'App\\Post'),
	(2, 245, 'App\\Post'),
	(3, 245, 'App\\Post'),
	(2, 246, 'App\\Post'),
	(4, 246, 'App\\Post'),
	(1, 247, 'App\\Post'),
	(2, 247, 'App\\Post'),
	(4, 247, 'App\\Post'),
	(2, 248, 'App\\Post'),
	(4, 248, 'App\\Post'),
	(2, 249, 'App\\Post'),
	(3, 249, 'App\\Post'),
	(4, 249, 'App\\Post'),
	(1, 250, 'App\\Post'),
	(2, 250, 'App\\Post'),
	(3, 250, 'App\\Post'),
	(4, 250, 'App\\Post'),
	(1, 251, 'App\\Post'),
	(2, 251, 'App\\Post'),
	(4, 251, 'App\\Post'),
	(1, 252, 'App\\Post'),
	(2, 252, 'App\\Post'),
	(3, 252, 'App\\Post'),
	(3, 253, 'App\\Post'),
	(4, 253, 'App\\Post'),
	(1, 254, 'App\\Post'),
	(2, 254, 'App\\Post'),
	(3, 254, 'App\\Post'),
	(4, 254, 'App\\Post'),
	(0, 255, 'App\\Post'),
	(0, 256, 'App\\Post'),
	(1, 257, 'App\\Post'),
	(2, 257, 'App\\Post'),
	(3, 257, 'App\\Post'),
	(4, 257, 'App\\Post'),
	(2, 258, 'App\\Post'),
	(3, 258, 'App\\Post'),
	(4, 258, 'App\\Post'),
	(1, 259, 'App\\Post'),
	(2, 259, 'App\\Post'),
	(4, 259, 'App\\Post'),
	(2, 260, 'App\\Post'),
	(3, 260, 'App\\Post'),
	(4, 260, 'App\\Post'),
	(1, 261, 'App\\Post'),
	(2, 261, 'App\\Post'),
	(3, 261, 'App\\Post'),
	(4, 261, 'App\\Post'),
	(0, 262, 'App\\Post'),
	(0, 263, 'App\\Post'),
	(1, 264, 'App\\Post'),
	(4, 264, 'App\\Post'),
	(1, 265, 'App\\Post'),
	(2, 265, 'App\\Post'),
	(3, 265, 'App\\Post'),
	(4, 265, 'App\\Post'),
	(1, 266, 'App\\Post'),
	(2, 266, 'App\\Post'),
	(4, 266, 'App\\Post'),
	(1, 267, 'App\\Post'),
	(3, 267, 'App\\Post'),
	(4, 267, 'App\\Post'),
	(0, 268, 'App\\Post'),
	(1, 269, 'App\\Post'),
	(3, 269, 'App\\Post'),
	(4, 269, 'App\\Post'),
	(1, 270, 'App\\Post'),
	(2, 270, 'App\\Post'),
	(3, 270, 'App\\Post'),
	(0, 271, 'App\\Post'),
	(1, 272, 'App\\Post'),
	(2, 272, 'App\\Post'),
	(1, 273, 'App\\Post'),
	(2, 273, 'App\\Post'),
	(3, 273, 'App\\Post'),
	(4, 273, 'App\\Post'),
	(1, 274, 'App\\Post'),
	(3, 274, 'App\\Post'),
	(1, 275, 'App\\Post'),
	(2, 275, 'App\\Post'),
	(3, 275, 'App\\Post'),
	(0, 276, 'App\\Post'),
	(1, 277, 'App\\Post'),
	(3, 277, 'App\\Post'),
	(4, 277, 'App\\Post'),
	(1, 278, 'App\\Post'),
	(2, 278, 'App\\Post'),
	(3, 278, 'App\\Post'),
	(4, 278, 'App\\Post'),
	(0, 279, 'App\\Post'),
	(1, 280, 'App\\Post'),
	(2, 280, 'App\\Post'),
	(3, 280, 'App\\Post'),
	(4, 280, 'App\\Post'),
	(2, 281, 'App\\Post'),
	(3, 281, 'App\\Post'),
	(4, 281, 'App\\Post'),
	(0, 282, 'App\\Post'),
	(0, 283, 'App\\Post'),
	(3, 284, 'App\\Post'),
	(4, 284, 'App\\Post'),
	(2, 285, 'App\\Post'),
	(3, 285, 'App\\Post'),
	(1, 286, 'App\\Post'),
	(2, 286, 'App\\Post'),
	(3, 286, 'App\\Post'),
	(4, 286, 'App\\Post'),
	(1, 287, 'App\\Post'),
	(2, 287, 'App\\Post'),
	(3, 287, 'App\\Post'),
	(4, 287, 'App\\Post'),
	(1, 288, 'App\\Post'),
	(2, 288, 'App\\Post'),
	(3, 288, 'App\\Post'),
	(4, 288, 'App\\Post'),
	(0, 289, 'App\\Post'),
	(0, 290, 'App\\Post'),
	(1, 291, 'App\\Post'),
	(2, 291, 'App\\Post'),
	(3, 291, 'App\\Post'),
	(4, 291, 'App\\Post'),
	(0, 292, 'App\\Post'),
	(1, 293, 'App\\Post'),
	(2, 293, 'App\\Post'),
	(3, 293, 'App\\Post'),
	(4, 293, 'App\\Post'),
	(0, 294, 'App\\Post'),
	(2, 295, 'App\\Post'),
	(3, 295, 'App\\Post'),
	(4, 295, 'App\\Post'),
	(1, 296, 'App\\Post'),
	(2, 296, 'App\\Post'),
	(3, 296, 'App\\Post'),
	(4, 296, 'App\\Post'),
	(1, 297, 'App\\Post'),
	(2, 297, 'App\\Post'),
	(3, 297, 'App\\Post'),
	(0, 298, 'App\\Post'),
	(1, 299, 'App\\Post'),
	(4, 299, 'App\\Post'),
	(0, 300, 'App\\Post'),
	(1, 301, 'App\\Post'),
	(2, 301, 'App\\Post'),
	(3, 301, 'App\\Post'),
	(2, 302, 'App\\Post'),
	(3, 302, 'App\\Post'),
	(4, 302, 'App\\Post'),
	(1, 303, 'App\\Post'),
	(3, 303, 'App\\Post'),
	(2, 304, 'App\\Post'),
	(3, 304, 'App\\Post'),
	(4, 304, 'App\\Post'),
	(1, 305, 'App\\Post'),
	(3, 305, 'App\\Post'),
	(0, 306, 'App\\Post'),
	(0, 307, 'App\\Post'),
	(0, 308, 'App\\Post'),
	(1, 309, 'App\\Post'),
	(2, 309, 'App\\Post'),
	(3, 309, 'App\\Post'),
	(4, 309, 'App\\Post'),
	(0, 310, 'App\\Post'),
	(2, 311, 'App\\Post'),
	(3, 311, 'App\\Post'),
	(4, 311, 'App\\Post'),
	(1, 312, 'App\\Post'),
	(2, 312, 'App\\Post'),
	(0, 313, 'App\\Post'),
	(0, 314, 'App\\Post'),
	(3, 315, 'App\\Post'),
	(4, 315, 'App\\Post'),
	(1, 316, 'App\\Post'),
	(2, 316, 'App\\Post'),
	(3, 316, 'App\\Post'),
	(4, 316, 'App\\Post'),
	(0, 317, 'App\\Post'),
	(3, 318, 'App\\Post'),
	(4, 318, 'App\\Post'),
	(1, 319, 'App\\Post'),
	(2, 319, 'App\\Post'),
	(3, 319, 'App\\Post'),
	(4, 319, 'App\\Post'),
	(1, 320, 'App\\Post'),
	(2, 320, 'App\\Post'),
	(3, 320, 'App\\Post'),
	(4, 320, 'App\\Post'),
	(1, 321, 'App\\Post'),
	(2, 321, 'App\\Post'),
	(3, 321, 'App\\Post'),
	(4, 321, 'App\\Post'),
	(1, 322, 'App\\Post'),
	(3, 322, 'App\\Post'),
	(2, 323, 'App\\Post'),
	(3, 323, 'App\\Post'),
	(0, 324, 'App\\Post'),
	(2, 325, 'App\\Post'),
	(3, 325, 'App\\Post'),
	(4, 325, 'App\\Post'),
	(2, 326, 'App\\Post'),
	(3, 326, 'App\\Post'),
	(4, 326, 'App\\Post'),
	(1, 327, 'App\\Post'),
	(2, 327, 'App\\Post'),
	(3, 327, 'App\\Post'),
	(0, 328, 'App\\Post'),
	(1, 329, 'App\\Post'),
	(2, 329, 'App\\Post'),
	(3, 329, 'App\\Post'),
	(4, 329, 'App\\Post'),
	(0, 330, 'App\\Post'),
	(2, 331, 'App\\Post'),
	(3, 331, 'App\\Post'),
	(4, 331, 'App\\Post'),
	(2, 332, 'App\\Post'),
	(4, 332, 'App\\Post'),
	(1, 333, 'App\\Post'),
	(2, 333, 'App\\Post'),
	(3, 333, 'App\\Post'),
	(4, 333, 'App\\Post'),
	(1, 334, 'App\\Post'),
	(2, 334, 'App\\Post'),
	(3, 334, 'App\\Post'),
	(0, 335, 'App\\Post'),
	(1, 336, 'App\\Post'),
	(2, 336, 'App\\Post'),
	(3, 336, 'App\\Post'),
	(4, 336, 'App\\Post'),
	(0, 337, 'App\\Post'),
	(1, 338, 'App\\Post'),
	(2, 338, 'App\\Post'),
	(0, 339, 'App\\Post'),
	(2, 340, 'App\\Post'),
	(3, 340, 'App\\Post'),
	(4, 340, 'App\\Post'),
	(1, 341, 'App\\Post'),
	(2, 341, 'App\\Post'),
	(3, 341, 'App\\Post'),
	(4, 341, 'App\\Post'),
	(1, 342, 'App\\Post'),
	(2, 342, 'App\\Post'),
	(3, 342, 'App\\Post'),
	(4, 342, 'App\\Post'),
	(0, 343, 'App\\Post'),
	(0, 344, 'App\\Post'),
	(1, 345, 'App\\Post'),
	(3, 345, 'App\\Post'),
	(4, 345, 'App\\Post'),
	(0, 346, 'App\\Post'),
	(1, 347, 'App\\Post'),
	(3, 347, 'App\\Post'),
	(4, 347, 'App\\Post'),
	(1, 348, 'App\\Post'),
	(3, 348, 'App\\Post'),
	(4, 348, 'App\\Post'),
	(1, 349, 'App\\Post'),
	(2, 349, 'App\\Post'),
	(4, 349, 'App\\Post'),
	(1, 350, 'App\\Post'),
	(4, 350, 'App\\Post'),
	(0, 351, 'App\\Post'),
	(1, 352, 'App\\Post'),
	(2, 352, 'App\\Post'),
	(3, 352, 'App\\Post'),
	(1, 353, 'App\\Post'),
	(2, 353, 'App\\Post'),
	(3, 353, 'App\\Post'),
	(1, 354, 'App\\Post'),
	(4, 354, 'App\\Post'),
	(2, 355, 'App\\Post'),
	(3, 355, 'App\\Post'),
	(4, 355, 'App\\Post'),
	(0, 356, 'App\\Post'),
	(1, 357, 'App\\Post'),
	(3, 357, 'App\\Post'),
	(0, 358, 'App\\Post'),
	(3, 359, 'App\\Post'),
	(4, 359, 'App\\Post'),
	(1, 360, 'App\\Post'),
	(2, 360, 'App\\Post'),
	(3, 360, 'App\\Post'),
	(4, 360, 'App\\Post'),
	(1, 361, 'App\\Post'),
	(2, 361, 'App\\Post'),
	(4, 361, 'App\\Post'),
	(2, 362, 'App\\Post'),
	(3, 362, 'App\\Post'),
	(1, 363, 'App\\Post'),
	(2, 363, 'App\\Post'),
	(3, 363, 'App\\Post'),
	(4, 363, 'App\\Post'),
	(2, 364, 'App\\Post'),
	(4, 364, 'App\\Post'),
	(1, 365, 'App\\Post'),
	(2, 365, 'App\\Post'),
	(4, 365, 'App\\Post'),
	(2, 366, 'App\\Post'),
	(3, 366, 'App\\Post'),
	(1, 367, 'App\\Post'),
	(3, 367, 'App\\Post'),
	(0, 368, 'App\\Post'),
	(1, 369, 'App\\Post'),
	(2, 369, 'App\\Post'),
	(3, 369, 'App\\Post'),
	(4, 369, 'App\\Post'),
	(1, 370, 'App\\Post'),
	(2, 370, 'App\\Post'),
	(3, 370, 'App\\Post'),
	(4, 370, 'App\\Post'),
	(0, 371, 'App\\Post'),
	(1, 372, 'App\\Post'),
	(2, 372, 'App\\Post'),
	(3, 372, 'App\\Post'),
	(0, 373, 'App\\Post'),
	(1, 374, 'App\\Post'),
	(4, 374, 'App\\Post'),
	(1, 375, 'App\\Post'),
	(3, 375, 'App\\Post'),
	(1, 376, 'App\\Post'),
	(3, 376, 'App\\Post'),
	(4, 376, 'App\\Post'),
	(1, 377, 'App\\Post'),
	(2, 377, 'App\\Post'),
	(3, 377, 'App\\Post'),
	(1, 378, 'App\\Post'),
	(2, 378, 'App\\Post'),
	(3, 378, 'App\\Post'),
	(4, 378, 'App\\Post'),
	(2, 379, 'App\\Post'),
	(3, 379, 'App\\Post'),
	(4, 379, 'App\\Post'),
	(1, 380, 'App\\Post'),
	(2, 380, 'App\\Post'),
	(3, 380, 'App\\Post'),
	(4, 380, 'App\\Post'),
	(0, 381, 'App\\Post'),
	(0, 382, 'App\\Post'),
	(1, 383, 'App\\Post'),
	(3, 383, 'App\\Post'),
	(4, 383, 'App\\Post'),
	(2, 384, 'App\\Post'),
	(3, 384, 'App\\Post'),
	(4, 384, 'App\\Post'),
	(1, 385, 'App\\Post'),
	(2, 385, 'App\\Post'),
	(3, 385, 'App\\Post'),
	(4, 385, 'App\\Post'),
	(0, 386, 'App\\Post'),
	(1, 387, 'App\\Post'),
	(3, 387, 'App\\Post'),
	(4, 387, 'App\\Post'),
	(1, 388, 'App\\Post'),
	(2, 388, 'App\\Post'),
	(3, 388, 'App\\Post'),
	(1, 389, 'App\\Post'),
	(2, 389, 'App\\Post'),
	(3, 389, 'App\\Post'),
	(4, 389, 'App\\Post'),
	(1, 390, 'App\\Post'),
	(2, 390, 'App\\Post'),
	(3, 390, 'App\\Post'),
	(4, 390, 'App\\Post'),
	(1, 391, 'App\\Post'),
	(2, 391, 'App\\Post'),
	(3, 391, 'App\\Post'),
	(4, 391, 'App\\Post'),
	(1, 392, 'App\\Post'),
	(2, 392, 'App\\Post'),
	(4, 392, 'App\\Post'),
	(1, 393, 'App\\Post'),
	(3, 393, 'App\\Post'),
	(4, 393, 'App\\Post'),
	(0, 394, 'App\\Post'),
	(1, 395, 'App\\Post'),
	(2, 395, 'App\\Post'),
	(3, 395, 'App\\Post'),
	(4, 395, 'App\\Post'),
	(1, 396, 'App\\Post'),
	(3, 396, 'App\\Post'),
	(4, 396, 'App\\Post'),
	(0, 397, 'App\\Post'),
	(1, 398, 'App\\Post'),
	(2, 398, 'App\\Post'),
	(4, 398, 'App\\Post'),
	(1, 399, 'App\\Post'),
	(2, 399, 'App\\Post'),
	(3, 399, 'App\\Post'),
	(4, 399, 'App\\Post'),
	(0, 400, 'App\\Post'),
	(1, 401, 'App\\Post'),
	(2, 401, 'App\\Post'),
	(3, 401, 'App\\Post'),
	(4, 401, 'App\\Post'),
	(2, 402, 'App\\Post'),
	(3, 402, 'App\\Post'),
	(4, 402, 'App\\Post'),
	(3, 403, 'App\\Post'),
	(4, 403, 'App\\Post'),
	(1, 404, 'App\\Post'),
	(2, 404, 'App\\Post'),
	(3, 404, 'App\\Post'),
	(4, 404, 'App\\Post'),
	(1, 405, 'App\\Post'),
	(2, 405, 'App\\Post'),
	(3, 405, 'App\\Post'),
	(4, 405, 'App\\Post'),
	(1, 406, 'App\\Post'),
	(2, 406, 'App\\Post'),
	(3, 406, 'App\\Post'),
	(1, 407, 'App\\Post'),
	(2, 407, 'App\\Post'),
	(3, 407, 'App\\Post'),
	(0, 408, 'App\\Post'),
	(2, 409, 'App\\Post'),
	(3, 409, 'App\\Post'),
	(4, 409, 'App\\Post'),
	(2, 410, 'App\\Post'),
	(3, 410, 'App\\Post'),
	(3, 411, 'App\\Post'),
	(4, 411, 'App\\Post'),
	(2, 412, 'App\\Post'),
	(3, 412, 'App\\Post'),
	(4, 412, 'App\\Post'),
	(2, 413, 'App\\Post'),
	(3, 413, 'App\\Post'),
	(4, 413, 'App\\Post'),
	(2, 414, 'App\\Post'),
	(3, 414, 'App\\Post'),
	(4, 414, 'App\\Post'),
	(1, 415, 'App\\Post'),
	(2, 415, 'App\\Post'),
	(1, 416, 'App\\Post'),
	(2, 416, 'App\\Post'),
	(3, 416, 'App\\Post'),
	(4, 416, 'App\\Post'),
	(1, 417, 'App\\Post'),
	(3, 417, 'App\\Post'),
	(4, 417, 'App\\Post'),
	(1, 418, 'App\\Post'),
	(2, 418, 'App\\Post'),
	(3, 418, 'App\\Post'),
	(4, 418, 'App\\Post'),
	(2, 419, 'App\\Post'),
	(3, 419, 'App\\Post'),
	(0, 420, 'App\\Post'),
	(1, 421, 'App\\Post'),
	(3, 421, 'App\\Post'),
	(4, 421, 'App\\Post'),
	(3, 422, 'App\\Post'),
	(4, 422, 'App\\Post'),
	(1, 423, 'App\\Post'),
	(2, 423, 'App\\Post'),
	(3, 423, 'App\\Post'),
	(4, 423, 'App\\Post'),
	(0, 424, 'App\\Post'),
	(1, 425, 'App\\Post'),
	(2, 425, 'App\\Post'),
	(3, 425, 'App\\Post'),
	(4, 425, 'App\\Post'),
	(0, 426, 'App\\Post'),
	(0, 427, 'App\\Post'),
	(3, 428, 'App\\Post'),
	(4, 428, 'App\\Post'),
	(1, 429, 'App\\Post'),
	(2, 429, 'App\\Post'),
	(4, 429, 'App\\Post'),
	(1, 430, 'App\\Post'),
	(2, 430, 'App\\Post'),
	(3, 430, 'App\\Post'),
	(4, 430, 'App\\Post'),
	(2, 431, 'App\\Post'),
	(4, 431, 'App\\Post'),
	(0, 432, 'App\\Post'),
	(0, 433, 'App\\Post'),
	(1, 434, 'App\\Post'),
	(2, 434, 'App\\Post'),
	(1, 435, 'App\\Post'),
	(4, 435, 'App\\Post'),
	(2, 436, 'App\\Post'),
	(3, 436, 'App\\Post'),
	(4, 436, 'App\\Post'),
	(1, 437, 'App\\Post'),
	(3, 437, 'App\\Post'),
	(1, 438, 'App\\Post'),
	(3, 438, 'App\\Post'),
	(2, 439, 'App\\Post'),
	(3, 439, 'App\\Post'),
	(4, 439, 'App\\Post'),
	(1, 440, 'App\\Post'),
	(2, 440, 'App\\Post'),
	(3, 440, 'App\\Post'),
	(4, 440, 'App\\Post'),
	(1, 441, 'App\\Post'),
	(2, 441, 'App\\Post'),
	(4, 441, 'App\\Post'),
	(1, 442, 'App\\Post'),
	(2, 442, 'App\\Post'),
	(1, 443, 'App\\Post'),
	(2, 443, 'App\\Post'),
	(4, 443, 'App\\Post'),
	(0, 444, 'App\\Post'),
	(1, 445, 'App\\Post'),
	(2, 445, 'App\\Post'),
	(3, 445, 'App\\Post'),
	(4, 445, 'App\\Post'),
	(2, 446, 'App\\Post'),
	(3, 446, 'App\\Post'),
	(4, 446, 'App\\Post'),
	(1, 447, 'App\\Post'),
	(2, 447, 'App\\Post'),
	(3, 447, 'App\\Post'),
	(4, 447, 'App\\Post'),
	(1, 448, 'App\\Post'),
	(2, 448, 'App\\Post'),
	(4, 448, 'App\\Post'),
	(1, 449, 'App\\Post'),
	(2, 449, 'App\\Post'),
	(3, 449, 'App\\Post'),
	(4, 449, 'App\\Post'),
	(1, 450, 'App\\Post'),
	(2, 450, 'App\\Post'),
	(3, 450, 'App\\Post'),
	(4, 450, 'App\\Post'),
	(0, 451, 'App\\Post'),
	(1, 452, 'App\\Post'),
	(2, 452, 'App\\Post'),
	(3, 452, 'App\\Post'),
	(0, 453, 'App\\Post'),
	(3, 454, 'App\\Post'),
	(4, 454, 'App\\Post'),
	(1, 455, 'App\\Post'),
	(3, 455, 'App\\Post'),
	(4, 455, 'App\\Post'),
	(1, 456, 'App\\Post'),
	(4, 456, 'App\\Post'),
	(1, 457, 'App\\Post'),
	(2, 457, 'App\\Post'),
	(3, 457, 'App\\Post'),
	(4, 457, 'App\\Post'),
	(1, 458, 'App\\Post'),
	(2, 458, 'App\\Post'),
	(3, 458, 'App\\Post'),
	(4, 458, 'App\\Post'),
	(1, 459, 'App\\Post'),
	(2, 459, 'App\\Post'),
	(3, 459, 'App\\Post'),
	(4, 459, 'App\\Post'),
	(1, 460, 'App\\Post'),
	(2, 460, 'App\\Post'),
	(3, 460, 'App\\Post'),
	(4, 460, 'App\\Post'),
	(1, 461, 'App\\Post'),
	(3, 461, 'App\\Post'),
	(4, 461, 'App\\Post'),
	(2, 462, 'App\\Post'),
	(3, 462, 'App\\Post'),
	(4, 462, 'App\\Post'),
	(1, 463, 'App\\Post'),
	(2, 463, 'App\\Post'),
	(3, 463, 'App\\Post'),
	(4, 463, 'App\\Post'),
	(2, 464, 'App\\Post'),
	(3, 464, 'App\\Post'),
	(3, 465, 'App\\Post'),
	(4, 465, 'App\\Post'),
	(2, 466, 'App\\Post'),
	(3, 466, 'App\\Post'),
	(1, 467, 'App\\Post'),
	(2, 467, 'App\\Post'),
	(3, 467, 'App\\Post'),
	(4, 467, 'App\\Post'),
	(0, 468, 'App\\Post'),
	(0, 469, 'App\\Post'),
	(1, 470, 'App\\Post'),
	(2, 470, 'App\\Post'),
	(3, 470, 'App\\Post'),
	(4, 470, 'App\\Post'),
	(1, 471, 'App\\Post'),
	(2, 471, 'App\\Post'),
	(3, 471, 'App\\Post'),
	(4, 471, 'App\\Post'),
	(0, 472, 'App\\Post'),
	(2, 473, 'App\\Post'),
	(3, 473, 'App\\Post'),
	(4, 473, 'App\\Post'),
	(2, 474, 'App\\Post'),
	(3, 474, 'App\\Post'),
	(4, 474, 'App\\Post'),
	(1, 475, 'App\\Post'),
	(2, 475, 'App\\Post'),
	(4, 475, 'App\\Post'),
	(1, 476, 'App\\Post'),
	(2, 476, 'App\\Post'),
	(2, 477, 'App\\Post'),
	(3, 477, 'App\\Post'),
	(4, 477, 'App\\Post'),
	(1, 478, 'App\\Post'),
	(2, 478, 'App\\Post'),
	(3, 478, 'App\\Post'),
	(4, 478, 'App\\Post'),
	(1, 479, 'App\\Post'),
	(2, 479, 'App\\Post'),
	(3, 479, 'App\\Post'),
	(0, 480, 'App\\Post'),
	(1, 481, 'App\\Post'),
	(2, 481, 'App\\Post'),
	(3, 481, 'App\\Post'),
	(4, 481, 'App\\Post'),
	(1, 482, 'App\\Post'),
	(2, 482, 'App\\Post'),
	(3, 482, 'App\\Post'),
	(4, 482, 'App\\Post'),
	(1, 483, 'App\\Post'),
	(2, 483, 'App\\Post'),
	(4, 483, 'App\\Post'),
	(2, 484, 'App\\Post'),
	(3, 484, 'App\\Post'),
	(1, 485, 'App\\Post'),
	(2, 485, 'App\\Post'),
	(3, 485, 'App\\Post'),
	(0, 486, 'App\\Post'),
	(1, 487, 'App\\Post'),
	(3, 487, 'App\\Post'),
	(0, 488, 'App\\Post'),
	(0, 489, 'App\\Post'),
	(0, 490, 'App\\Post'),
	(1, 491, 'App\\Post'),
	(3, 491, 'App\\Post'),
	(4, 491, 'App\\Post'),
	(0, 492, 'App\\Post'),
	(0, 493, 'App\\Post'),
	(0, 494, 'App\\Post'),
	(2, 495, 'App\\Post'),
	(4, 495, 'App\\Post'),
	(1, 496, 'App\\Post'),
	(3, 496, 'App\\Post'),
	(4, 496, 'App\\Post'),
	(0, 497, 'App\\Post'),
	(1, 498, 'App\\Post'),
	(3, 498, 'App\\Post'),
	(4, 498, 'App\\Post'),
	(1, 499, 'App\\Post'),
	(2, 499, 'App\\Post'),
	(0, 500, 'App\\Post'),
	(1, 1, 'App\\User'),
	(2, 1, 'App\\User'),
	(3, 1, 'App\\User'),
	(4, 1, 'App\\User'),
	(2, 2, 'App\\User'),
	(4, 2, 'App\\User'),
	(3, 3, 'App\\User'),
	(4, 3, 'App\\User'),
	(1, 4, 'App\\User'),
	(2, 4, 'App\\User'),
	(3, 4, 'App\\User'),
	(4, 4, 'App\\User'),
	(1, 5, 'App\\User'),
	(3, 5, 'App\\User'),
	(1, 6, 'App\\User'),
	(2, 6, 'App\\User'),
	(0, 7, 'App\\User'),
	(3, 8, 'App\\User'),
	(4, 8, 'App\\User'),
	(1, 9, 'App\\User'),
	(2, 9, 'App\\User'),
	(4, 9, 'App\\User'),
	(2, 10, 'App\\User'),
	(3, 10, 'App\\User'),
	(0, 11, 'App\\User'),
	(3, 12, 'App\\User'),
	(4, 12, 'App\\User'),
	(3, 13, 'App\\User'),
	(4, 13, 'App\\User'),
	(0, 14, 'App\\User'),
	(1, 15, 'App\\User'),
	(2, 15, 'App\\User'),
	(3, 15, 'App\\User'),
	(4, 15, 'App\\User'),
	(1, 16, 'App\\User'),
	(2, 16, 'App\\User'),
	(1, 17, 'App\\User'),
	(3, 17, 'App\\User'),
	(4, 17, 'App\\User'),
	(3, 18, 'App\\User'),
	(4, 18, 'App\\User'),
	(1, 19, 'App\\User'),
	(4, 19, 'App\\User'),
	(0, 20, 'App\\User'),
	(1, 21, 'App\\User'),
	(3, 21, 'App\\User'),
	(4, 21, 'App\\User'),
	(2, 22, 'App\\User'),
	(3, 22, 'App\\User'),
	(4, 22, 'App\\User'),
	(3, 23, 'App\\User'),
	(4, 23, 'App\\User'),
	(1, 24, 'App\\User'),
	(4, 24, 'App\\User'),
	(1, 25, 'App\\User'),
	(3, 25, 'App\\User'),
	(4, 25, 'App\\User'),
	(1, 26, 'App\\User'),
	(2, 26, 'App\\User'),
	(1, 27, 'App\\User'),
	(2, 27, 'App\\User'),
	(3, 27, 'App\\User'),
	(4, 27, 'App\\User'),
	(2, 28, 'App\\User'),
	(3, 28, 'App\\User'),
	(4, 28, 'App\\User'),
	(2, 29, 'App\\User'),
	(3, 29, 'App\\User'),
	(4, 29, 'App\\User'),
	(2, 30, 'App\\User'),
	(3, 30, 'App\\User'),
	(4, 30, 'App\\User'),
	(1, 31, 'App\\User'),
	(2, 31, 'App\\User'),
	(1, 32, 'App\\User'),
	(2, 32, 'App\\User'),
	(3, 32, 'App\\User'),
	(2, 33, 'App\\User'),
	(3, 33, 'App\\User'),
	(0, 34, 'App\\User'),
	(1, 35, 'App\\User'),
	(2, 35, 'App\\User'),
	(0, 36, 'App\\User'),
	(1, 37, 'App\\User'),
	(2, 37, 'App\\User'),
	(3, 37, 'App\\User'),
	(4, 37, 'App\\User'),
	(0, 38, 'App\\User'),
	(1, 39, 'App\\User'),
	(2, 39, 'App\\User'),
	(3, 39, 'App\\User'),
	(0, 40, 'App\\User'),
	(0, 41, 'App\\User'),
	(2, 42, 'App\\User'),
	(4, 42, 'App\\User'),
	(1, 43, 'App\\User'),
	(3, 43, 'App\\User'),
	(4, 43, 'App\\User'),
	(2, 44, 'App\\User'),
	(3, 44, 'App\\User'),
	(4, 44, 'App\\User'),
	(1, 45, 'App\\User'),
	(2, 45, 'App\\User'),
	(3, 45, 'App\\User'),
	(4, 45, 'App\\User'),
	(1, 46, 'App\\User'),
	(2, 46, 'App\\User'),
	(3, 46, 'App\\User'),
	(1, 47, 'App\\User'),
	(2, 47, 'App\\User'),
	(4, 47, 'App\\User'),
	(1, 48, 'App\\User'),
	(2, 48, 'App\\User'),
	(0, 49, 'App\\User'),
	(1, 50, 'App\\User'),
	(3, 50, 'App\\User'),
	(4, 50, 'App\\User'),
	(1, 51, 'App\\User'),
	(3, 51, 'App\\User'),
	(4, 51, 'App\\User'),
	(2, 52, 'App\\User'),
	(3, 52, 'App\\User'),
	(4, 52, 'App\\User'),
	(2, 53, 'App\\User'),
	(3, 53, 'App\\User'),
	(0, 54, 'App\\User'),
	(1, 55, 'App\\User'),
	(3, 55, 'App\\User'),
	(1, 56, 'App\\User'),
	(3, 56, 'App\\User'),
	(4, 56, 'App\\User'),
	(1, 57, 'App\\User'),
	(3, 57, 'App\\User'),
	(0, 58, 'App\\User'),
	(1, 59, 'App\\User'),
	(2, 59, 'App\\User'),
	(3, 59, 'App\\User'),
	(4, 59, 'App\\User'),
	(1, 60, 'App\\User'),
	(2, 60, 'App\\User'),
	(3, 60, 'App\\User'),
	(1, 61, 'App\\User'),
	(2, 61, 'App\\User'),
	(3, 61, 'App\\User'),
	(1, 62, 'App\\User'),
	(2, 62, 'App\\User'),
	(3, 62, 'App\\User'),
	(4, 62, 'App\\User'),
	(1, 63, 'App\\User'),
	(2, 63, 'App\\User'),
	(3, 63, 'App\\User'),
	(4, 63, 'App\\User'),
	(1, 64, 'App\\User'),
	(4, 64, 'App\\User'),
	(1, 65, 'App\\User'),
	(2, 65, 'App\\User'),
	(3, 65, 'App\\User'),
	(4, 65, 'App\\User'),
	(1, 66, 'App\\User'),
	(2, 66, 'App\\User'),
	(0, 67, 'App\\User'),
	(0, 68, 'App\\User'),
	(1, 69, 'App\\User'),
	(3, 69, 'App\\User'),
	(1, 70, 'App\\User'),
	(2, 70, 'App\\User'),
	(4, 70, 'App\\User'),
	(1, 71, 'App\\User'),
	(2, 71, 'App\\User'),
	(4, 71, 'App\\User'),
	(3, 72, 'App\\User'),
	(4, 72, 'App\\User'),
	(2, 73, 'App\\User'),
	(3, 73, 'App\\User'),
	(4, 73, 'App\\User'),
	(0, 74, 'App\\User'),
	(0, 75, 'App\\User'),
	(0, 76, 'App\\User'),
	(2, 77, 'App\\User'),
	(3, 77, 'App\\User'),
	(1, 78, 'App\\User'),
	(2, 78, 'App\\User'),
	(3, 78, 'App\\User'),
	(4, 78, 'App\\User'),
	(1, 79, 'App\\User'),
	(2, 79, 'App\\User'),
	(3, 79, 'App\\User'),
	(4, 79, 'App\\User'),
	(1, 80, 'App\\User'),
	(2, 80, 'App\\User'),
	(3, 80, 'App\\User'),
	(4, 80, 'App\\User'),
	(0, 81, 'App\\User'),
	(1, 82, 'App\\User'),
	(2, 82, 'App\\User'),
	(4, 82, 'App\\User'),
	(1, 83, 'App\\User'),
	(2, 83, 'App\\User'),
	(3, 83, 'App\\User'),
	(1, 84, 'App\\User'),
	(4, 84, 'App\\User'),
	(0, 85, 'App\\User'),
	(2, 86, 'App\\User'),
	(3, 86, 'App\\User'),
	(4, 86, 'App\\User'),
	(1, 87, 'App\\User'),
	(4, 87, 'App\\User'),
	(0, 88, 'App\\User'),
	(1, 89, 'App\\User'),
	(2, 89, 'App\\User'),
	(3, 89, 'App\\User'),
	(4, 89, 'App\\User'),
	(1, 90, 'App\\User'),
	(2, 90, 'App\\User'),
	(3, 90, 'App\\User'),
	(4, 90, 'App\\User'),
	(1, 91, 'App\\User'),
	(2, 91, 'App\\User'),
	(4, 91, 'App\\User'),
	(0, 92, 'App\\User'),
	(2, 93, 'App\\User'),
	(3, 93, 'App\\User'),
	(4, 93, 'App\\User'),
	(1, 94, 'App\\User'),
	(3, 94, 'App\\User'),
	(4, 94, 'App\\User'),
	(1, 95, 'App\\User'),
	(2, 95, 'App\\User'),
	(3, 95, 'App\\User'),
	(4, 95, 'App\\User'),
	(3, 96, 'App\\User'),
	(4, 96, 'App\\User'),
	(0, 97, 'App\\User'),
	(0, 98, 'App\\User'),
	(0, 99, 'App\\User'),
	(1, 100, 'App\\User'),
	(3, 100, 'App\\User'),
	(1, 101, 'App\\User'),
	(2, 101, 'App\\User'),
	(3, 101, 'App\\User'),
	(4, 101, 'App\\User'),
	(1, 102, 'App\\User'),
	(2, 102, 'App\\User'),
	(3, 102, 'App\\User'),
	(4, 102, 'App\\User'),
	(0, 103, 'App\\User'),
	(2, 104, 'App\\User'),
	(4, 104, 'App\\User'),
	(1, 105, 'App\\User'),
	(2, 105, 'App\\User'),
	(2, 106, 'App\\User'),
	(4, 106, 'App\\User'),
	(1, 107, 'App\\User'),
	(2, 107, 'App\\User'),
	(4, 107, 'App\\User'),
	(1, 108, 'App\\User'),
	(3, 108, 'App\\User'),
	(0, 109, 'App\\User'),
	(2, 110, 'App\\User'),
	(3, 110, 'App\\User'),
	(4, 110, 'App\\User'),
	(2, 111, 'App\\User'),
	(3, 111, 'App\\User'),
	(4, 111, 'App\\User'),
	(0, 112, 'App\\User'),
	(2, 113, 'App\\User'),
	(3, 113, 'App\\User'),
	(1, 114, 'App\\User'),
	(2, 114, 'App\\User'),
	(0, 115, 'App\\User'),
	(0, 116, 'App\\User'),
	(0, 117, 'App\\User'),
	(1, 118, 'App\\User'),
	(2, 118, 'App\\User'),
	(3, 118, 'App\\User'),
	(4, 118, 'App\\User'),
	(0, 119, 'App\\User'),
	(1, 120, 'App\\User'),
	(2, 120, 'App\\User'),
	(3, 120, 'App\\User'),
	(4, 120, 'App\\User'),
	(0, 121, 'App\\User'),
	(1, 122, 'App\\User'),
	(2, 122, 'App\\User'),
	(3, 122, 'App\\User'),
	(1, 123, 'App\\User'),
	(3, 123, 'App\\User'),
	(4, 123, 'App\\User'),
	(0, 124, 'App\\User'),
	(1, 125, 'App\\User'),
	(2, 125, 'App\\User'),
	(3, 125, 'App\\User'),
	(4, 125, 'App\\User'),
	(1, 126, 'App\\User'),
	(2, 126, 'App\\User'),
	(1, 127, 'App\\User'),
	(2, 127, 'App\\User'),
	(4, 127, 'App\\User'),
	(1, 128, 'App\\User'),
	(2, 128, 'App\\User'),
	(3, 128, 'App\\User'),
	(1, 129, 'App\\User'),
	(2, 129, 'App\\User'),
	(2, 130, 'App\\User'),
	(3, 130, 'App\\User'),
	(0, 131, 'App\\User'),
	(1, 132, 'App\\User'),
	(2, 132, 'App\\User'),
	(3, 132, 'App\\User'),
	(4, 132, 'App\\User'),
	(1, 133, 'App\\User'),
	(2, 133, 'App\\User'),
	(3, 133, 'App\\User'),
	(1, 134, 'App\\User'),
	(2, 134, 'App\\User'),
	(3, 134, 'App\\User'),
	(4, 134, 'App\\User'),
	(1, 135, 'App\\User'),
	(4, 135, 'App\\User'),
	(0, 136, 'App\\User'),
	(1, 137, 'App\\User'),
	(2, 137, 'App\\User'),
	(3, 137, 'App\\User'),
	(4, 137, 'App\\User'),
	(1, 138, 'App\\User'),
	(2, 138, 'App\\User'),
	(3, 138, 'App\\User'),
	(4, 138, 'App\\User'),
	(0, 139, 'App\\User'),
	(0, 140, 'App\\User'),
	(2, 141, 'App\\User'),
	(4, 141, 'App\\User'),
	(1, 142, 'App\\User'),
	(4, 142, 'App\\User'),
	(1, 143, 'App\\User'),
	(4, 143, 'App\\User'),
	(1, 144, 'App\\User'),
	(2, 144, 'App\\User'),
	(3, 144, 'App\\User'),
	(4, 144, 'App\\User'),
	(1, 145, 'App\\User'),
	(2, 145, 'App\\User'),
	(3, 145, 'App\\User'),
	(4, 145, 'App\\User'),
	(1, 146, 'App\\User'),
	(3, 146, 'App\\User'),
	(4, 146, 'App\\User'),
	(1, 147, 'App\\User'),
	(2, 147, 'App\\User'),
	(0, 148, 'App\\User'),
	(1, 149, 'App\\User'),
	(2, 149, 'App\\User'),
	(2, 150, 'App\\User'),
	(3, 150, 'App\\User'),
	(4, 150, 'App\\User'),
	(2, 151, 'App\\User'),
	(3, 151, 'App\\User'),
	(4, 151, 'App\\User'),
	(0, 152, 'App\\User'),
	(1, 153, 'App\\User'),
	(2, 153, 'App\\User'),
	(0, 154, 'App\\User'),
	(2, 155, 'App\\User'),
	(3, 155, 'App\\User'),
	(4, 155, 'App\\User'),
	(1, 156, 'App\\User'),
	(2, 156, 'App\\User'),
	(3, 156, 'App\\User'),
	(1, 157, 'App\\User'),
	(3, 157, 'App\\User'),
	(4, 157, 'App\\User'),
	(1, 158, 'App\\User'),
	(2, 158, 'App\\User'),
	(3, 158, 'App\\User'),
	(4, 158, 'App\\User'),
	(1, 159, 'App\\User'),
	(2, 159, 'App\\User'),
	(3, 159, 'App\\User'),
	(4, 159, 'App\\User'),
	(1, 160, 'App\\User'),
	(2, 160, 'App\\User'),
	(3, 160, 'App\\User'),
	(4, 160, 'App\\User'),
	(1, 161, 'App\\User'),
	(2, 161, 'App\\User'),
	(3, 161, 'App\\User'),
	(4, 161, 'App\\User'),
	(2, 162, 'App\\User'),
	(4, 162, 'App\\User'),
	(1, 163, 'App\\User'),
	(2, 163, 'App\\User'),
	(3, 163, 'App\\User'),
	(4, 163, 'App\\User'),
	(1, 164, 'App\\User'),
	(2, 164, 'App\\User'),
	(3, 164, 'App\\User'),
	(4, 164, 'App\\User'),
	(1, 165, 'App\\User'),
	(2, 165, 'App\\User'),
	(3, 165, 'App\\User'),
	(4, 165, 'App\\User'),
	(1, 166, 'App\\User'),
	(3, 166, 'App\\User'),
	(3, 167, 'App\\User'),
	(4, 167, 'App\\User'),
	(2, 168, 'App\\User'),
	(3, 168, 'App\\User'),
	(0, 169, 'App\\User'),
	(2, 170, 'App\\User'),
	(4, 170, 'App\\User'),
	(1, 171, 'App\\User'),
	(4, 171, 'App\\User'),
	(1, 172, 'App\\User'),
	(2, 172, 'App\\User'),
	(3, 172, 'App\\User'),
	(4, 172, 'App\\User'),
	(2, 173, 'App\\User'),
	(3, 173, 'App\\User'),
	(4, 173, 'App\\User'),
	(1, 174, 'App\\User'),
	(2, 174, 'App\\User'),
	(4, 174, 'App\\User'),
	(1, 175, 'App\\User'),
	(4, 175, 'App\\User'),
	(1, 176, 'App\\User'),
	(2, 176, 'App\\User'),
	(3, 176, 'App\\User'),
	(4, 176, 'App\\User'),
	(1, 177, 'App\\User'),
	(2, 177, 'App\\User'),
	(3, 177, 'App\\User'),
	(4, 177, 'App\\User'),
	(1, 178, 'App\\User'),
	(2, 178, 'App\\User'),
	(3, 178, 'App\\User'),
	(4, 178, 'App\\User'),
	(0, 179, 'App\\User'),
	(1, 180, 'App\\User'),
	(3, 180, 'App\\User'),
	(4, 180, 'App\\User'),
	(0, 181, 'App\\User'),
	(0, 182, 'App\\User'),
	(1, 183, 'App\\User'),
	(2, 183, 'App\\User'),
	(4, 183, 'App\\User'),
	(0, 184, 'App\\User'),
	(2, 185, 'App\\User'),
	(3, 185, 'App\\User'),
	(4, 185, 'App\\User'),
	(1, 186, 'App\\User'),
	(2, 186, 'App\\User'),
	(3, 186, 'App\\User'),
	(4, 186, 'App\\User'),
	(1, 187, 'App\\User'),
	(2, 187, 'App\\User'),
	(3, 187, 'App\\User'),
	(4, 187, 'App\\User'),
	(2, 188, 'App\\User'),
	(4, 188, 'App\\User'),
	(3, 189, 'App\\User'),
	(4, 189, 'App\\User'),
	(1, 190, 'App\\User'),
	(2, 190, 'App\\User'),
	(3, 190, 'App\\User'),
	(4, 190, 'App\\User'),
	(1, 191, 'App\\User'),
	(2, 191, 'App\\User'),
	(3, 191, 'App\\User'),
	(4, 191, 'App\\User'),
	(1, 192, 'App\\User'),
	(3, 192, 'App\\User'),
	(4, 192, 'App\\User'),
	(1, 193, 'App\\User'),
	(2, 193, 'App\\User'),
	(3, 193, 'App\\User'),
	(4, 193, 'App\\User'),
	(0, 194, 'App\\User'),
	(1, 195, 'App\\User'),
	(3, 195, 'App\\User'),
	(1, 196, 'App\\User'),
	(2, 196, 'App\\User'),
	(3, 196, 'App\\User'),
	(4, 196, 'App\\User'),
	(1, 197, 'App\\User'),
	(2, 197, 'App\\User'),
	(0, 198, 'App\\User'),
	(1, 199, 'App\\User'),
	(2, 199, 'App\\User'),
	(1, 200, 'App\\User'),
	(4, 200, 'App\\User'),
	(1, 201, 'App\\User'),
	(2, 201, 'App\\User'),
	(3, 201, 'App\\User'),
	(2, 202, 'App\\User'),
	(3, 202, 'App\\User'),
	(4, 202, 'App\\User'),
	(0, 203, 'App\\User'),
	(0, 204, 'App\\User'),
	(1, 205, 'App\\User'),
	(2, 205, 'App\\User'),
	(0, 206, 'App\\User'),
	(1, 207, 'App\\User'),
	(2, 207, 'App\\User'),
	(3, 207, 'App\\User'),
	(4, 207, 'App\\User'),
	(3, 208, 'App\\User'),
	(4, 208, 'App\\User'),
	(1, 209, 'App\\User'),
	(2, 209, 'App\\User'),
	(3, 209, 'App\\User'),
	(4, 209, 'App\\User'),
	(2, 210, 'App\\User'),
	(3, 210, 'App\\User'),
	(0, 211, 'App\\User'),
	(1, 212, 'App\\User'),
	(2, 212, 'App\\User'),
	(3, 212, 'App\\User'),
	(4, 212, 'App\\User'),
	(1, 213, 'App\\User'),
	(2, 213, 'App\\User'),
	(3, 213, 'App\\User'),
	(4, 213, 'App\\User'),
	(0, 214, 'App\\User'),
	(1, 215, 'App\\User'),
	(2, 215, 'App\\User'),
	(3, 215, 'App\\User'),
	(4, 215, 'App\\User'),
	(1, 216, 'App\\User'),
	(3, 216, 'App\\User'),
	(4, 216, 'App\\User'),
	(0, 217, 'App\\User'),
	(1, 218, 'App\\User'),
	(2, 218, 'App\\User'),
	(3, 218, 'App\\User'),
	(4, 218, 'App\\User'),
	(0, 219, 'App\\User'),
	(1, 220, 'App\\User'),
	(4, 220, 'App\\User'),
	(1, 221, 'App\\User'),
	(2, 221, 'App\\User'),
	(3, 221, 'App\\User'),
	(4, 221, 'App\\User'),
	(2, 222, 'App\\User'),
	(4, 222, 'App\\User'),
	(1, 223, 'App\\User'),
	(2, 223, 'App\\User'),
	(3, 223, 'App\\User'),
	(4, 223, 'App\\User'),
	(0, 224, 'App\\User'),
	(1, 225, 'App\\User'),
	(2, 225, 'App\\User'),
	(3, 225, 'App\\User'),
	(4, 225, 'App\\User'),
	(2, 226, 'App\\User'),
	(4, 226, 'App\\User'),
	(0, 227, 'App\\User'),
	(1, 228, 'App\\User'),
	(2, 228, 'App\\User'),
	(1, 229, 'App\\User'),
	(2, 229, 'App\\User'),
	(3, 229, 'App\\User'),
	(4, 229, 'App\\User'),
	(0, 230, 'App\\User'),
	(2, 231, 'App\\User'),
	(4, 231, 'App\\User'),
	(0, 232, 'App\\User'),
	(1, 233, 'App\\User'),
	(2, 233, 'App\\User'),
	(3, 233, 'App\\User'),
	(4, 233, 'App\\User'),
	(0, 234, 'App\\User'),
	(1, 235, 'App\\User'),
	(2, 235, 'App\\User'),
	(4, 235, 'App\\User'),
	(1, 236, 'App\\User'),
	(2, 236, 'App\\User'),
	(3, 236, 'App\\User'),
	(4, 236, 'App\\User'),
	(1, 237, 'App\\User'),
	(2, 237, 'App\\User'),
	(3, 237, 'App\\User'),
	(4, 237, 'App\\User'),
	(1, 238, 'App\\User'),
	(3, 238, 'App\\User'),
	(4, 238, 'App\\User'),
	(0, 239, 'App\\User'),
	(2, 240, 'App\\User'),
	(3, 240, 'App\\User'),
	(4, 240, 'App\\User'),
	(3, 241, 'App\\User'),
	(4, 241, 'App\\User'),
	(1, 242, 'App\\User'),
	(2, 242, 'App\\User'),
	(3, 242, 'App\\User'),
	(4, 242, 'App\\User'),
	(1, 243, 'App\\User'),
	(2, 243, 'App\\User'),
	(4, 243, 'App\\User'),
	(1, 244, 'App\\User'),
	(3, 244, 'App\\User'),
	(4, 244, 'App\\User'),
	(1, 245, 'App\\User'),
	(2, 245, 'App\\User'),
	(4, 245, 'App\\User'),
	(0, 246, 'App\\User'),
	(0, 247, 'App\\User'),
	(1, 248, 'App\\User'),
	(2, 248, 'App\\User'),
	(3, 248, 'App\\User'),
	(4, 248, 'App\\User'),
	(2, 249, 'App\\User'),
	(3, 249, 'App\\User'),
	(3, 250, 'App\\User'),
	(4, 250, 'App\\User'),
	(1, 251, 'App\\User'),
	(2, 251, 'App\\User'),
	(3, 251, 'App\\User'),
	(1, 252, 'App\\User'),
	(2, 252, 'App\\User'),
	(3, 252, 'App\\User'),
	(0, 253, 'App\\User'),
	(3, 254, 'App\\User'),
	(4, 254, 'App\\User'),
	(1, 255, 'App\\User'),
	(2, 255, 'App\\User'),
	(3, 255, 'App\\User'),
	(4, 255, 'App\\User'),
	(1, 256, 'App\\User'),
	(2, 256, 'App\\User'),
	(4, 256, 'App\\User'),
	(2, 257, 'App\\User'),
	(4, 257, 'App\\User'),
	(0, 258, 'App\\User'),
	(1, 259, 'App\\User'),
	(2, 259, 'App\\User'),
	(1, 260, 'App\\User'),
	(3, 260, 'App\\User'),
	(4, 260, 'App\\User'),
	(1, 261, 'App\\User'),
	(2, 261, 'App\\User'),
	(3, 261, 'App\\User'),
	(4, 261, 'App\\User'),
	(0, 262, 'App\\User'),
	(2, 263, 'App\\User'),
	(4, 263, 'App\\User'),
	(1, 264, 'App\\User'),
	(2, 264, 'App\\User'),
	(3, 264, 'App\\User'),
	(4, 264, 'App\\User'),
	(1, 265, 'App\\User'),
	(2, 265, 'App\\User'),
	(4, 265, 'App\\User'),
	(2, 266, 'App\\User'),
	(4, 266, 'App\\User'),
	(1, 267, 'App\\User'),
	(2, 267, 'App\\User'),
	(3, 267, 'App\\User'),
	(2, 268, 'App\\User'),
	(3, 268, 'App\\User'),
	(4, 268, 'App\\User'),
	(0, 269, 'App\\User'),
	(1, 270, 'App\\User'),
	(2, 270, 'App\\User'),
	(3, 270, 'App\\User'),
	(4, 270, 'App\\User'),
	(0, 271, 'App\\User'),
	(1, 272, 'App\\User'),
	(2, 272, 'App\\User'),
	(3, 272, 'App\\User'),
	(4, 272, 'App\\User'),
	(1, 273, 'App\\User'),
	(2, 273, 'App\\User'),
	(0, 274, 'App\\User'),
	(1, 275, 'App\\User'),
	(2, 275, 'App\\User'),
	(3, 275, 'App\\User'),
	(0, 276, 'App\\User'),
	(1, 277, 'App\\User'),
	(2, 277, 'App\\User'),
	(3, 277, 'App\\User'),
	(4, 277, 'App\\User'),
	(3, 278, 'App\\User'),
	(4, 278, 'App\\User'),
	(0, 279, 'App\\User'),
	(0, 280, 'App\\User'),
	(1, 281, 'App\\User'),
	(3, 281, 'App\\User'),
	(4, 281, 'App\\User'),
	(0, 282, 'App\\User'),
	(1, 283, 'App\\User'),
	(4, 283, 'App\\User'),
	(1, 284, 'App\\User'),
	(2, 284, 'App\\User'),
	(3, 284, 'App\\User'),
	(4, 284, 'App\\User'),
	(2, 285, 'App\\User'),
	(3, 285, 'App\\User'),
	(1, 286, 'App\\User'),
	(2, 286, 'App\\User'),
	(3, 286, 'App\\User'),
	(4, 286, 'App\\User'),
	(2, 287, 'App\\User'),
	(4, 287, 'App\\User'),
	(1, 288, 'App\\User'),
	(3, 288, 'App\\User'),
	(4, 288, 'App\\User'),
	(0, 289, 'App\\User'),
	(1, 290, 'App\\User'),
	(3, 290, 'App\\User'),
	(4, 290, 'App\\User'),
	(1, 291, 'App\\User'),
	(2, 291, 'App\\User'),
	(3, 291, 'App\\User'),
	(4, 291, 'App\\User'),
	(1, 292, 'App\\User'),
	(2, 292, 'App\\User'),
	(3, 292, 'App\\User'),
	(4, 292, 'App\\User'),
	(0, 293, 'App\\User'),
	(1, 294, 'App\\User'),
	(4, 294, 'App\\User'),
	(0, 295, 'App\\User'),
	(1, 296, 'App\\User'),
	(2, 296, 'App\\User'),
	(4, 296, 'App\\User'),
	(1, 297, 'App\\User'),
	(4, 297, 'App\\User'),
	(1, 298, 'App\\User'),
	(2, 298, 'App\\User'),
	(3, 298, 'App\\User'),
	(4, 298, 'App\\User'),
	(2, 299, 'App\\User'),
	(3, 299, 'App\\User'),
	(1, 300, 'App\\User'),
	(2, 300, 'App\\User'),
	(4, 300, 'App\\User'),
	(0, 301, 'App\\User'),
	(1, 302, 'App\\User'),
	(3, 302, 'App\\User'),
	(1, 303, 'App\\User'),
	(2, 303, 'App\\User'),
	(3, 303, 'App\\User'),
	(4, 303, 'App\\User'),
	(1, 304, 'App\\User'),
	(2, 304, 'App\\User'),
	(3, 304, 'App\\User'),
	(4, 304, 'App\\User'),
	(2, 305, 'App\\User'),
	(4, 305, 'App\\User'),
	(1, 306, 'App\\User'),
	(2, 306, 'App\\User'),
	(3, 306, 'App\\User'),
	(4, 306, 'App\\User'),
	(1, 307, 'App\\User'),
	(2, 307, 'App\\User'),
	(3, 307, 'App\\User'),
	(4, 307, 'App\\User'),
	(1, 308, 'App\\User'),
	(3, 308, 'App\\User'),
	(4, 308, 'App\\User'),
	(1, 309, 'App\\User'),
	(2, 309, 'App\\User'),
	(3, 309, 'App\\User'),
	(4, 309, 'App\\User'),
	(1, 310, 'App\\User'),
	(2, 310, 'App\\User'),
	(3, 310, 'App\\User'),
	(4, 310, 'App\\User'),
	(1, 311, 'App\\User'),
	(2, 311, 'App\\User'),
	(3, 311, 'App\\User'),
	(4, 311, 'App\\User'),
	(1, 312, 'App\\User'),
	(4, 312, 'App\\User'),
	(1, 313, 'App\\User'),
	(2, 313, 'App\\User'),
	(3, 313, 'App\\User'),
	(1, 314, 'App\\User'),
	(3, 314, 'App\\User'),
	(4, 314, 'App\\User'),
	(1, 315, 'App\\User'),
	(2, 315, 'App\\User'),
	(3, 315, 'App\\User'),
	(4, 315, 'App\\User'),
	(2, 316, 'App\\User'),
	(3, 316, 'App\\User'),
	(4, 316, 'App\\User'),
	(0, 317, 'App\\User'),
	(1, 318, 'App\\User'),
	(2, 318, 'App\\User'),
	(3, 318, 'App\\User'),
	(4, 318, 'App\\User'),
	(1, 319, 'App\\User'),
	(2, 319, 'App\\User'),
	(3, 319, 'App\\User'),
	(4, 319, 'App\\User'),
	(1, 320, 'App\\User'),
	(3, 320, 'App\\User'),
	(4, 320, 'App\\User'),
	(0, 321, 'App\\User'),
	(1, 322, 'App\\User'),
	(2, 322, 'App\\User'),
	(3, 322, 'App\\User'),
	(4, 322, 'App\\User'),
	(2, 323, 'App\\User'),
	(3, 323, 'App\\User'),
	(4, 323, 'App\\User'),
	(1, 324, 'App\\User'),
	(2, 324, 'App\\User'),
	(0, 325, 'App\\User'),
	(1, 326, 'App\\User'),
	(2, 326, 'App\\User'),
	(3, 326, 'App\\User'),
	(3, 327, 'App\\User'),
	(4, 327, 'App\\User'),
	(2, 328, 'App\\User'),
	(3, 328, 'App\\User'),
	(4, 328, 'App\\User'),
	(0, 329, 'App\\User'),
	(0, 330, 'App\\User'),
	(3, 331, 'App\\User'),
	(4, 331, 'App\\User'),
	(1, 332, 'App\\User'),
	(3, 332, 'App\\User'),
	(4, 332, 'App\\User'),
	(1, 333, 'App\\User'),
	(2, 333, 'App\\User'),
	(3, 333, 'App\\User'),
	(4, 333, 'App\\User'),
	(3, 334, 'App\\User'),
	(4, 334, 'App\\User'),
	(3, 335, 'App\\User'),
	(4, 335, 'App\\User'),
	(1, 336, 'App\\User'),
	(2, 336, 'App\\User'),
	(3, 336, 'App\\User'),
	(4, 336, 'App\\User'),
	(0, 337, 'App\\User'),
	(0, 338, 'App\\User'),
	(1, 339, 'App\\User'),
	(2, 339, 'App\\User'),
	(4, 339, 'App\\User'),
	(1, 340, 'App\\User'),
	(2, 340, 'App\\User'),
	(3, 340, 'App\\User'),
	(4, 340, 'App\\User'),
	(1, 341, 'App\\User'),
	(4, 341, 'App\\User'),
	(1, 342, 'App\\User'),
	(2, 342, 'App\\User'),
	(3, 342, 'App\\User'),
	(4, 342, 'App\\User'),
	(0, 343, 'App\\User'),
	(1, 344, 'App\\User'),
	(2, 344, 'App\\User'),
	(3, 344, 'App\\User'),
	(4, 344, 'App\\User'),
	(3, 345, 'App\\User'),
	(4, 345, 'App\\User'),
	(0, 346, 'App\\User'),
	(1, 347, 'App\\User'),
	(2, 347, 'App\\User'),
	(1, 348, 'App\\User'),
	(4, 348, 'App\\User'),
	(2, 349, 'App\\User'),
	(3, 349, 'App\\User'),
	(4, 349, 'App\\User'),
	(1, 350, 'App\\User'),
	(2, 350, 'App\\User'),
	(3, 350, 'App\\User'),
	(4, 350, 'App\\User'),
	(1, 351, 'App\\User'),
	(2, 351, 'App\\User'),
	(3, 351, 'App\\User'),
	(0, 352, 'App\\User'),
	(0, 353, 'App\\User'),
	(1, 354, 'App\\User'),
	(2, 354, 'App\\User'),
	(3, 354, 'App\\User'),
	(4, 354, 'App\\User'),
	(3, 355, 'App\\User'),
	(4, 355, 'App\\User'),
	(1, 356, 'App\\User'),
	(2, 356, 'App\\User'),
	(4, 356, 'App\\User'),
	(1, 357, 'App\\User'),
	(2, 357, 'App\\User'),
	(3, 357, 'App\\User'),
	(4, 357, 'App\\User'),
	(1, 358, 'App\\User'),
	(2, 358, 'App\\User'),
	(3, 358, 'App\\User'),
	(4, 358, 'App\\User'),
	(0, 359, 'App\\User'),
	(1, 360, 'App\\User'),
	(2, 360, 'App\\User'),
	(3, 360, 'App\\User'),
	(4, 360, 'App\\User'),
	(1, 361, 'App\\User'),
	(2, 361, 'App\\User'),
	(3, 361, 'App\\User'),
	(4, 361, 'App\\User'),
	(2, 362, 'App\\User'),
	(3, 362, 'App\\User'),
	(4, 362, 'App\\User'),
	(1, 363, 'App\\User'),
	(4, 363, 'App\\User'),
	(0, 364, 'App\\User'),
	(0, 365, 'App\\User'),
	(2, 366, 'App\\User'),
	(3, 366, 'App\\User'),
	(1, 367, 'App\\User'),
	(2, 367, 'App\\User'),
	(3, 367, 'App\\User'),
	(4, 367, 'App\\User'),
	(0, 368, 'App\\User'),
	(1, 369, 'App\\User'),
	(3, 369, 'App\\User'),
	(4, 369, 'App\\User'),
	(0, 370, 'App\\User'),
	(0, 371, 'App\\User'),
	(0, 372, 'App\\User'),
	(2, 373, 'App\\User'),
	(4, 373, 'App\\User'),
	(1, 374, 'App\\User'),
	(2, 374, 'App\\User'),
	(4, 374, 'App\\User'),
	(1, 375, 'App\\User'),
	(2, 375, 'App\\User'),
	(3, 375, 'App\\User'),
	(1, 376, 'App\\User'),
	(3, 376, 'App\\User'),
	(4, 376, 'App\\User'),
	(0, 377, 'App\\User'),
	(3, 378, 'App\\User'),
	(4, 378, 'App\\User'),
	(2, 379, 'App\\User'),
	(3, 379, 'App\\User'),
	(1, 380, 'App\\User'),
	(2, 380, 'App\\User'),
	(4, 380, 'App\\User'),
	(2, 381, 'App\\User'),
	(3, 381, 'App\\User'),
	(1, 382, 'App\\User'),
	(2, 382, 'App\\User'),
	(3, 382, 'App\\User'),
	(4, 382, 'App\\User'),
	(2, 383, 'App\\User'),
	(3, 383, 'App\\User'),
	(0, 384, 'App\\User'),
	(1, 385, 'App\\User'),
	(2, 385, 'App\\User'),
	(3, 385, 'App\\User'),
	(4, 385, 'App\\User'),
	(3, 386, 'App\\User'),
	(4, 386, 'App\\User'),
	(1, 387, 'App\\User'),
	(2, 387, 'App\\User'),
	(3, 387, 'App\\User'),
	(4, 387, 'App\\User'),
	(0, 388, 'App\\User'),
	(1, 389, 'App\\User'),
	(2, 389, 'App\\User'),
	(1, 390, 'App\\User'),
	(2, 390, 'App\\User'),
	(3, 390, 'App\\User'),
	(4, 390, 'App\\User'),
	(3, 391, 'App\\User'),
	(4, 391, 'App\\User'),
	(1, 392, 'App\\User'),
	(2, 392, 'App\\User'),
	(3, 392, 'App\\User'),
	(4, 392, 'App\\User'),
	(1, 393, 'App\\User'),
	(4, 393, 'App\\User'),
	(1, 394, 'App\\User'),
	(2, 394, 'App\\User'),
	(3, 394, 'App\\User'),
	(4, 394, 'App\\User'),
	(0, 395, 'App\\User'),
	(1, 396, 'App\\User'),
	(2, 396, 'App\\User'),
	(3, 396, 'App\\User'),
	(4, 396, 'App\\User'),
	(0, 397, 'App\\User'),
	(1, 398, 'App\\User'),
	(3, 398, 'App\\User'),
	(4, 398, 'App\\User'),
	(1, 399, 'App\\User'),
	(2, 399, 'App\\User'),
	(3, 399, 'App\\User'),
	(4, 399, 'App\\User'),
	(1, 400, 'App\\User'),
	(2, 400, 'App\\User'),
	(4, 400, 'App\\User'),
	(1, 401, 'App\\User'),
	(3, 401, 'App\\User'),
	(4, 401, 'App\\User'),
	(1, 402, 'App\\User'),
	(3, 402, 'App\\User'),
	(1, 403, 'App\\User'),
	(2, 403, 'App\\User'),
	(3, 403, 'App\\User'),
	(4, 403, 'App\\User'),
	(2, 404, 'App\\User'),
	(3, 404, 'App\\User'),
	(4, 404, 'App\\User'),
	(1, 405, 'App\\User'),
	(2, 405, 'App\\User'),
	(4, 405, 'App\\User'),
	(2, 406, 'App\\User'),
	(3, 406, 'App\\User'),
	(4, 406, 'App\\User'),
	(2, 407, 'App\\User'),
	(3, 407, 'App\\User'),
	(0, 408, 'App\\User'),
	(0, 409, 'App\\User'),
	(3, 410, 'App\\User'),
	(4, 410, 'App\\User'),
	(0, 411, 'App\\User'),
	(1, 412, 'App\\User'),
	(2, 412, 'App\\User'),
	(3, 412, 'App\\User'),
	(1, 413, 'App\\User'),
	(2, 413, 'App\\User'),
	(3, 413, 'App\\User'),
	(4, 413, 'App\\User'),
	(1, 414, 'App\\User'),
	(2, 414, 'App\\User'),
	(1, 415, 'App\\User'),
	(2, 415, 'App\\User'),
	(4, 415, 'App\\User'),
	(1, 416, 'App\\User'),
	(2, 416, 'App\\User'),
	(3, 416, 'App\\User'),
	(4, 416, 'App\\User'),
	(1, 417, 'App\\User'),
	(2, 417, 'App\\User'),
	(3, 417, 'App\\User'),
	(4, 417, 'App\\User'),
	(2, 418, 'App\\User'),
	(3, 418, 'App\\User'),
	(4, 418, 'App\\User'),
	(1, 419, 'App\\User'),
	(3, 419, 'App\\User'),
	(4, 419, 'App\\User'),
	(1, 420, 'App\\User'),
	(2, 420, 'App\\User'),
	(3, 420, 'App\\User'),
	(4, 420, 'App\\User'),
	(0, 421, 'App\\User'),
	(0, 422, 'App\\User'),
	(1, 423, 'App\\User'),
	(2, 423, 'App\\User'),
	(3, 423, 'App\\User'),
	(4, 423, 'App\\User'),
	(1, 424, 'App\\User'),
	(3, 424, 'App\\User'),
	(2, 425, 'App\\User'),
	(4, 425, 'App\\User'),
	(2, 426, 'App\\User'),
	(3, 426, 'App\\User'),
	(4, 426, 'App\\User'),
	(1, 427, 'App\\User'),
	(2, 427, 'App\\User'),
	(3, 427, 'App\\User'),
	(4, 427, 'App\\User'),
	(1, 428, 'App\\User'),
	(2, 428, 'App\\User'),
	(3, 428, 'App\\User'),
	(4, 428, 'App\\User'),
	(2, 429, 'App\\User'),
	(3, 429, 'App\\User'),
	(0, 430, 'App\\User'),
	(1, 431, 'App\\User'),
	(3, 431, 'App\\User'),
	(0, 432, 'App\\User'),
	(1, 433, 'App\\User'),
	(2, 433, 'App\\User'),
	(0, 434, 'App\\User'),
	(1, 435, 'App\\User'),
	(2, 435, 'App\\User'),
	(3, 435, 'App\\User'),
	(2, 436, 'App\\User'),
	(3, 436, 'App\\User'),
	(4, 436, 'App\\User'),
	(0, 437, 'App\\User'),
	(1, 438, 'App\\User'),
	(3, 438, 'App\\User'),
	(1, 439, 'App\\User'),
	(2, 439, 'App\\User'),
	(3, 439, 'App\\User'),
	(4, 439, 'App\\User'),
	(2, 440, 'App\\User'),
	(3, 440, 'App\\User'),
	(4, 440, 'App\\User'),
	(1, 441, 'App\\User'),
	(2, 441, 'App\\User'),
	(3, 441, 'App\\User'),
	(4, 441, 'App\\User'),
	(1, 442, 'App\\User'),
	(3, 442, 'App\\User'),
	(4, 442, 'App\\User'),
	(0, 443, 'App\\User'),
	(1, 444, 'App\\User'),
	(4, 444, 'App\\User'),
	(0, 445, 'App\\User'),
	(1, 446, 'App\\User'),
	(2, 446, 'App\\User'),
	(1, 447, 'App\\User'),
	(2, 447, 'App\\User'),
	(3, 447, 'App\\User'),
	(4, 447, 'App\\User'),
	(1, 448, 'App\\User'),
	(2, 448, 'App\\User'),
	(3, 448, 'App\\User'),
	(4, 448, 'App\\User'),
	(1, 449, 'App\\User'),
	(2, 449, 'App\\User'),
	(3, 449, 'App\\User'),
	(4, 449, 'App\\User'),
	(0, 450, 'App\\User'),
	(0, 451, 'App\\User'),
	(0, 452, 'App\\User'),
	(2, 453, 'App\\User'),
	(3, 453, 'App\\User'),
	(0, 454, 'App\\User'),
	(0, 455, 'App\\User'),
	(2, 456, 'App\\User'),
	(3, 456, 'App\\User'),
	(0, 457, 'App\\User'),
	(1, 458, 'App\\User'),
	(2, 458, 'App\\User'),
	(2, 459, 'App\\User'),
	(3, 459, 'App\\User'),
	(4, 459, 'App\\User'),
	(3, 460, 'App\\User'),
	(4, 460, 'App\\User'),
	(1, 461, 'App\\User'),
	(3, 461, 'App\\User'),
	(4, 461, 'App\\User'),
	(2, 462, 'App\\User'),
	(3, 462, 'App\\User'),
	(1, 463, 'App\\User'),
	(2, 463, 'App\\User'),
	(3, 463, 'App\\User'),
	(4, 463, 'App\\User'),
	(1, 464, 'App\\User'),
	(2, 464, 'App\\User'),
	(3, 464, 'App\\User'),
	(4, 464, 'App\\User'),
	(1, 465, 'App\\User'),
	(2, 465, 'App\\User'),
	(3, 465, 'App\\User'),
	(4, 465, 'App\\User'),
	(1, 466, 'App\\User'),
	(2, 466, 'App\\User'),
	(3, 466, 'App\\User'),
	(4, 466, 'App\\User'),
	(1, 467, 'App\\User'),
	(2, 467, 'App\\User'),
	(4, 467, 'App\\User'),
	(1, 468, 'App\\User'),
	(2, 468, 'App\\User'),
	(4, 468, 'App\\User'),
	(0, 469, 'App\\User'),
	(1, 470, 'App\\User'),
	(2, 470, 'App\\User'),
	(4, 470, 'App\\User'),
	(1, 471, 'App\\User'),
	(3, 471, 'App\\User'),
	(0, 472, 'App\\User'),
	(0, 473, 'App\\User'),
	(1, 474, 'App\\User'),
	(2, 474, 'App\\User'),
	(3, 474, 'App\\User'),
	(4, 474, 'App\\User'),
	(0, 475, 'App\\User'),
	(1, 476, 'App\\User'),
	(2, 476, 'App\\User'),
	(4, 476, 'App\\User'),
	(1, 477, 'App\\User'),
	(2, 477, 'App\\User'),
	(3, 477, 'App\\User'),
	(4, 477, 'App\\User'),
	(2, 478, 'App\\User'),
	(3, 478, 'App\\User'),
	(4, 478, 'App\\User'),
	(3, 479, 'App\\User'),
	(4, 479, 'App\\User'),
	(1, 480, 'App\\User'),
	(4, 480, 'App\\User'),
	(1, 481, 'App\\User'),
	(2, 481, 'App\\User'),
	(3, 481, 'App\\User'),
	(4, 481, 'App\\User'),
	(0, 482, 'App\\User'),
	(1, 483, 'App\\User'),
	(2, 483, 'App\\User'),
	(4, 483, 'App\\User'),
	(0, 484, 'App\\User'),
	(1, 485, 'App\\User'),
	(2, 485, 'App\\User'),
	(3, 486, 'App\\User'),
	(4, 486, 'App\\User'),
	(2, 487, 'App\\User'),
	(3, 487, 'App\\User'),
	(2, 488, 'App\\User'),
	(3, 488, 'App\\User'),
	(0, 489, 'App\\User'),
	(1, 490, 'App\\User'),
	(2, 490, 'App\\User'),
	(3, 490, 'App\\User'),
	(4, 490, 'App\\User'),
	(1, 491, 'App\\User'),
	(2, 491, 'App\\User'),
	(3, 491, 'App\\User'),
	(4, 491, 'App\\User'),
	(1, 492, 'App\\User'),
	(2, 492, 'App\\User'),
	(3, 492, 'App\\User'),
	(4, 492, 'App\\User'),
	(1, 493, 'App\\User'),
	(2, 493, 'App\\User'),
	(1, 494, 'App\\User'),
	(2, 494, 'App\\User'),
	(3, 494, 'App\\User'),
	(4, 494, 'App\\User'),
	(1, 495, 'App\\User'),
	(3, 495, 'App\\User'),
	(2, 496, 'App\\User'),
	(4, 496, 'App\\User'),
	(0, 497, 'App\\User'),
	(2, 498, 'App\\User'),
	(4, 498, 'App\\User'),
	(1, 499, 'App\\User'),
	(2, 499, 'App\\User'),
	(3, 499, 'App\\User'),
	(4, 499, 'App\\User'),
	(1, 500, 'App\\User'),
	(2, 500, 'App\\User'),
	(3, 500, 'App\\User'),
	(4, 500, 'App\\User');
/*!40000 ALTER TABLE `taggables` ENABLE KEYS */;


-- Dumping structure for table procurement.tags
CREATE TABLE IF NOT EXISTS `tags` (
  `id` int(10) unsigned NOT NULL AUTO_INCREMENT,
  `name` varchar(255) COLLATE utf8_unicode_ci NOT NULL,
  PRIMARY KEY (`id`)
) ENGINE=InnoDB AUTO_INCREMENT=5 DEFAULT CHARSET=utf8 COLLATE=utf8_unicode_ci;

-- Dumping data for table procurement.tags: ~4 rows (approximately)
DELETE FROM `tags`;
/*!40000 ALTER TABLE `tags` DISABLE KEYS */;
INSERT INTO `tags` (`id`, `name`) VALUES
	(1, 'Technology'),
	(2, 'Politics'),
	(3, 'Business'),
	(4, 'Entertainment');
/*!40000 ALTER TABLE `tags` ENABLE KEYS */;


-- Dumping structure for table procurement.usergroups
CREATE TABLE IF NOT EXISTS `usergroups` (
  `id` int(11) NOT NULL AUTO_INCREMENT,
  `name` varchar(500) DEFAULT NULL,
  `name12` varchar(500) DEFAULT NULL,
  `created_at` datetime DEFAULT NULL,
  `updated_at` datetime DEFAULT NULL,
  PRIMARY KEY (`id`)
) ENGINE=InnoDB AUTO_INCREMENT=50 DEFAULT CHARSET=utf8;

-- Dumping data for table procurement.usergroups: ~1 rows (approximately)
DELETE FROM `usergroups`;
/*!40000 ALTER TABLE `usergroups` DISABLE KEYS */;
INSERT INTO `usergroups` (`id`, `name`, `name12`, `created_at`, `updated_at`) VALUES
	(49, NULL, '2', '2017-01-18 11:24:04', '2017-01-18 11:24:04');
/*!40000 ALTER TABLE `usergroups` ENABLE KEYS */;


-- Dumping structure for table procurement.users
CREATE TABLE IF NOT EXISTS `users` (
  `id` int(10) unsigned NOT NULL AUTO_INCREMENT,
  `name` varchar(255) COLLATE utf8_unicode_ci NOT NULL,
  `email` varchar(255) COLLATE utf8_unicode_ci NOT NULL,
  `password` varchar(60) COLLATE utf8_unicode_ci NOT NULL,
  `remember_token` varchar(100) COLLATE utf8_unicode_ci DEFAULT NULL,
  `created_at` timestamp NOT NULL DEFAULT '0000-00-00 00:00:00',
  `updated_at` timestamp NOT NULL DEFAULT '0000-00-00 00:00:00',
  `deleted_at` timestamp NULL DEFAULT NULL,
  PRIMARY KEY (`id`),
  UNIQUE KEY `users_email_unique` (`email`)
) ENGINE=InnoDB AUTO_INCREMENT=502 DEFAULT CHARSET=utf8 COLLATE=utf8_unicode_ci;

-- Dumping data for table procurement.users: ~1 rows (approximately)
DELETE FROM `users`;
/*!40000 ALTER TABLE `users` DISABLE KEYS */;
INSERT INTO `users` (`id`, `name`, `email`, `password`, `remember_token`, `created_at`, `updated_at`, `deleted_at`) VALUES
	(501, 'Noor', 'webmaster.noor@gmail.com', '$2y$10$pYhCPLAl0z2OV.rPgQFf2OEhShfkvbmm3KmidHGUhtuGoIz5mBzUS', 'f4AjQg2X5lXR2gu3jgeEiAn2T7xA0WrBy497ur8Cfr0ejLKaFmh6wStgbIvV', '2016-12-24 09:06:10', '2017-01-18 10:38:11', NULL);
/*!40000 ALTER TABLE `users` ENABLE KEYS */;


-- Dumping structure for table procurement.userspros
CREATE TABLE IF NOT EXISTS `userspros` (
  `id` int(11) NOT NULL AUTO_INCREMENT,
  `name` varchar(500) DEFAULT NULL,
  `name12` varchar(500) DEFAULT NULL,
  `created_at` datetime DEFAULT NULL,
  `updated_at` datetime DEFAULT NULL,
  PRIMARY KEY (`id`)
) ENGINE=InnoDB AUTO_INCREMENT=50 DEFAULT CHARSET=utf8;

-- Dumping data for table procurement.userspros: ~1 rows (approximately)
DELETE FROM `userspros`;
/*!40000 ALTER TABLE `userspros` DISABLE KEYS */;
INSERT INTO `userspros` (`id`, `name`, `name12`, `created_at`, `updated_at`) VALUES
	(49, NULL, '23', '2017-01-18 11:24:43', '2017-01-18 11:24:43');
/*!40000 ALTER TABLE `userspros` ENABLE KEYS */;


-- Dumping structure for table procurement.user_post
CREATE TABLE IF NOT EXISTS `user_post` (
  `user_id` int(10) unsigned NOT NULL,
  `post_id` int(10) unsigned NOT NULL,
  KEY `user_post_user_id_index` (`user_id`),
  KEY `user_post_post_id_index` (`post_id`),
  CONSTRAINT `user_post_post_id_foreign` FOREIGN KEY (`post_id`) REFERENCES `posts` (`id`),
  CONSTRAINT `user_post_user_id_foreign` FOREIGN KEY (`user_id`) REFERENCES `users` (`id`)
) ENGINE=InnoDB DEFAULT CHARSET=utf8 COLLATE=utf8_unicode_ci;

-- Dumping data for table procurement.user_post: ~0 rows (approximately)
DELETE FROM `user_post`;
/*!40000 ALTER TABLE `user_post` DISABLE KEYS */;
/*!40000 ALTER TABLE `user_post` ENABLE KEYS */;
/*!40101 SET SQL_MODE=IFNULL(@OLD_SQL_MODE, '') */;
/*!40014 SET FOREIGN_KEY_CHECKS=IF(@OLD_FOREIGN_KEY_CHECKS IS NULL, 1, @OLD_FOREIGN_KEY_CHECKS) */;
/*!40101 SET CHARACTER_SET_CLIENT=@OLD_CHARACTER_SET_CLIENT */;
